PUBLICATION_DATE,TAXA_ID,TARGET_TAXON,NON_TARGET,PHYLUM,CLASS,ORDER,FAMILY,SUBFAMILY,TRIBE,GENUS,FFG,HABIT,PTV,COLLECTED
4/26/2021,1,ANCYLIDAE,,MOLLUSCA,GASTROPODA,BASOMMATOPHORA,ANCYLIDAE,,,,SC,CB,5.8,FALSE
4/26/2021,2,ARACHNIDA,,ARTHROPODA,ARACHNIDA,,,,,,PR,,8,FALSE
4/26/2021,3,ARGIA,,ARTHROPODA,INSECTA,ODONATA,COENAGRIONIDAE,,,ARGIA,PR,CB,7.1,FALSE
4/26/2021,4,BEZZIA/PALPOMYIA,,ARTHROPODA,INSECTA,DIPTERA,CERATOPOGONIDAE,CERATOPOGONINAE,,BEZZIA/PALPOMYIA,"PR,CG","SP,BU,PK",6,FALSE
4/26/2021,5,CAENIS,,ARTHROPODA,INSECTA,EPHEMEROPTERA,CAENIDAE,,,CAENIS,CG,SP,6,FALSE
4/26/2021,6,CERACLEA,,ARTHROPODA,INSECTA,TRICHOPTERA,LEPTOCERIDAE,LEPTOCERINAE,ATHRIPSODINI,CERACLEA,CG,CN,3.6,FALSE
4/26/2021,7,CHIRONOMINI,,ARTHROPODA,INSECTA,DIPTERA,CHIRONOMIDAE,CHIRONOMINAE,CHIRONOMINI,,CG,,6,FALSE
4/26/2021,8,CLADOTANYTARSUS,,ARTHROPODA,INSECTA,DIPTERA,CHIRONOMIDAE,CHIRONOMINAE,TANYTARSINI,CLADOTANYTARSUS,"CF,CG",CB,6,FALSE
4/26/2021,9,CORBICULA,,MOLLUSCA,BIVALVIA,VENEROIDA,CORBICULIDAE,,,CORBICULA,CF,BU,5.5,FALSE
4/26/2021,10,CRICOTOPUS,,ARTHROPODA,INSECTA,DIPTERA,CHIRONOMIDAE,ORTHOCLADIINAE,ORTHOCLADIINI/METRIOCNEMINI,CRICOTOPUS,"SH, CG",,7,FALSE
4/26/2021,11,CRYPTOCHIRONOMUS,,ARTHROPODA,INSECTA,DIPTERA,CHIRONOMIDAE,CHIRONOMINAE,CHIRONOMINI,CRYPTOCHIRONOMUS,PR,SP,7,FALSE
4/26/2021,12,DASYHELEA,,ARTHROPODA,INSECTA,DIPTERA,CERATOPOGONIDAE,DASYHELEINAE,,DASYHELEA,CG,SP,5.7,FALSE
4/26/2021,13,DICROTENDIPES,,ARTHROPODA,INSECTA,DIPTERA,CHIRONOMIDAE,CHIRONOMINAE,CHIRONOMINI,DICROTENDIPES,CG,BU,6.7,FALSE
4/26/2021,14,ENDOCHIRONOMUS,,ARTHROPODA,INSECTA,DIPTERA,CHIRONOMIDAE,CHIRONOMINAE,CHIRONOMINI,ENDOCHIRONOMUS,SH,CN,8,FALSE
4/26/2021,15,ERPOBDELLA,,ANNELIDA,CLITELLATA,ARHYNCHOBDELLIDA,ERPOBDELLIDAE,ERPOBDELLINAE,,ERPOBDELLA,PR,SP,8,FALSE
4/26/2021,16,GLYPTOTENDIPES,,ARTHROPODA,INSECTA,DIPTERA,CHIRONOMIDAE,CHIRONOMINAE,CHIRONOMINI,GLYPTOTENDIPES,"CF,SH",BU,9.5,FALSE
4/26/2021,17,HELOBDELLA,,ANNELIDA,CLITELLATA,RHYNCHOBDELLIDA,GLOSSIPHONIIDAE,HAEMENTERIINAE,,HELOBDELLA,PR,SP,8.4,FALSE
4/26/2021,18,HYALELLA,,ARTHROPODA,MALACOSTRACA,AMPHIPODA,HYALELLIDAE,,,HYALELLA,"CG,SH",SP,7.5,FALSE
4/26/2021,19,HYDROPTILA,,ARTHROPODA,INSECTA,TRICHOPTERA,HYDROPTILIDAE,HYDROPTILINAE,HYDROPTILINI,HYDROPTILA,"PI,PR,SC",CN,2.6,FALSE
4/26/2021,20,HYDROPTILIDAE,,ARTHROPODA,INSECTA,TRICHOPTERA,HYDROPTILIDAE,,,,PI,CB,3.8,FALSE
4/26/2021,21,LEBERTIA,,ARTHROPODA,ARACHNIDA,TROMBIDIFORMES,LEBERTIIDAE,,,LEBERTIA,PR,CB,8,FALSE
4/26/2021,22,LIMNODRILUS,,ANNELIDA,CLITELLATA,HAPLOTAXIDA,TUBIFICIDAE,,,LIMNODRILUS,CG,CN,9,FALSE
4/26/2021,23,LIMONIA,,ARTHROPODA,INSECTA,DIPTERA,TIPULIDAE,LIMONIINAE,,LIMONIA,SH,BU,4,FALSE
4/26/2021,24,MICROMENETUS,,MOLLUSCA,GASTROPODA,BASOMMATOPHORA,PLANORBIDAE,,,MICROMENETUS,,,,FALSE
4/26/2021,25,NAIS,,ANNELIDA,CLITELLATA,HAPLOTAXIDA,NAIDIDAE,,,NAIS,CG,BU,8.6,FALSE
4/26/2021,27,ORTHOCLADIUS,,ARTHROPODA,INSECTA,DIPTERA,CHIRONOMIDAE,ORTHOCLADIINAE,,ORTHOCLADIUS,"SH, CG",,7,FALSE
4/26/2021,28,ORTHOTRICHIA,,ARTHROPODA,INSECTA,TRICHOPTERA,HYDROPTILIDAE,HYDROPTILINAE,ORTHOTRICHIINI,ORTHOTRICHIA,"PI,PR,SC",CN,4,FALSE
4/26/2021,29,PARATANYTARSUS,,ARTHROPODA,INSECTA,DIPTERA,CHIRONOMIDAE,CHIRONOMINAE,TANYTARSINI,PARATANYTARSUS,CG,CN,7,FALSE
4/26/2021,30,PHAENOPSECTRA,,ARTHROPODA,INSECTA,DIPTERA,CHIRONOMIDAE,CHIRONOMINAE,CHIRONOMINI,PHAENOPSECTRA,"CG,SC",CN,7,FALSE
4/26/2021,32,PLEUROCERA,,MOLLUSCA,GASTROPODA,NEOTAENIOGLOSSA,PLEUROCERIDAE,,,PLEUROCERA,SC,CB,5,FALSE
4/26/2021,33,PLEUROCERIDAE,,MOLLUSCA,GASTROPODA,NEOTAENIOGLOSSA,PLEUROCERIDAE,,,,SC,CB,5,FALSE
4/26/2021,34,POLYPEDILUM,,ARTHROPODA,INSECTA,DIPTERA,CHIRONOMIDAE,CHIRONOMINAE,CHIRONOMINI,POLYPEDILUM,SH,"CB,CN",5.5,FALSE
4/26/2021,35,PROSTOMA,,NEMERTEA,ENOPLA,HOPLONEMERTEA,TETRASTEMMATIDAE,,,PROSTOMA,PR,CN,6.3,FALSE
4/26/2021,36,PSEUDOCHIRONOMUS,,ARTHROPODA,INSECTA,DIPTERA,CHIRONOMIDAE,CHIRONOMINAE,PSEUDOCHIRONOMINI,PSEUDOCHIRONOMUS,CG,BU,4,FALSE
4/26/2021,37,TANYTARSUS,,ARTHROPODA,INSECTA,DIPTERA,CHIRONOMIDAE,CHIRONOMINAE,TANYTARSINI,TANYTARSUS,CF,CN,2.2,FALSE
4/26/2021,39,TURBELLARIA,,PLATYHELMINTHES,TURBELLARIA,,,,,,PR,SP,4.7,FALSE
4/26/2021,40,ABLABESMYIA,,ARTHROPODA,INSECTA,DIPTERA,CHIRONOMIDAE,TANYPODINAE,PENTANEURINI,ABLABESMYIA,PR,SP,5.6,FALSE
4/26/2021,41,AMBRYSUS,,ARTHROPODA,INSECTA,HEMIPTERA,NAUCORIDAE,AMBRYSINAE,,AMBRYSUS,PR,CB,5,FALSE
4/26/2021,42,CAECIDOTEA,,ARTHROPODA,MALACOSTRACA,ISOPODA,ASELLIDAE,,,CAECIDOTEA,CG,SP,8,FALSE
4/26/2021,43,COENAGRIONIDAE,,ARTHROPODA,INSECTA,ODONATA,COENAGRIONIDAE,,,,PR,CB,7.9,FALSE
4/26/2021,44,DERO,,ANNELIDA,CLITELLATA,HAPLOTAXIDA,NAIDIDAE,,,DERO,CG,BU,8,FALSE
4/26/2021,45,ECTOPRIA,,ARTHROPODA,INSECTA,COLEOPTERA,PSEPHENIDAE,EUBRIINAE,,ECTOPRIA,SC,CN,3.9,FALSE
4/26/2021,46,GOMPHIDAE,,ARTHROPODA,INSECTA,ODONATA,GOMPHIDAE,,,,PR,BU,,FALSE
4/26/2021,47,HEPTAGENIIDAE,,ARTHROPODA,INSECTA,EPHEMEROPTERA,HEPTAGENIIDAE,,,,SC,CN,4.1,FALSE
4/26/2021,48,MYSIDAE,,ARTHROPODA,MALACOSTRACA,MYSIDA,MYSIDAE,,,,,,,FALSE
4/26/2021,49,MYSTACIDES,,ARTHROPODA,INSECTA,TRICHOPTERA,LEPTOCERIDAE,LEPTOCERINAE,MYSTACIDINI,MYSTACIDES,CG,SP,3.4,FALSE
4/26/2021,50,NANOCLADIUS,,ARTHROPODA,INSECTA,DIPTERA,CHIRONOMIDAE,ORTHOCLADIINAE,,NANOCLADIUS,CG,SP,4.1,FALSE
4/26/2021,51,PARACHIRONOMUS,,ARTHROPODA,INSECTA,DIPTERA,CHIRONOMIDAE,CHIRONOMINAE,CHIRONOMINI,PARACHIRONOMUS,PR,SP,5.9,FALSE
4/26/2021,52,PENTANEURINI,,ARTHROPODA,INSECTA,DIPTERA,CHIRONOMIDAE,TANYPODINAE,PENTANEURINI,,PR,,6,FALSE
4/26/2021,53,RANATRA,,ARTHROPODA,INSECTA,HEMIPTERA,NEPIDAE,RANATRINAE,,RANATRA,PR,CN,7,FALSE
4/26/2021,54,STENOCHIRONOMUS,,ARTHROPODA,INSECTA,DIPTERA,CHIRONOMIDAE,CHIRONOMINAE,CHIRONOMINI,STENOCHIRONOMUS,"CG,SH",BU,4.6,FALSE
4/26/2021,55,THIENEMANNIELLA,,ARTHROPODA,INSECTA,DIPTERA,CHIRONOMIDAE,ORTHOCLADIINAE,,THIENEMANNIELLA,CG,SP,4.4,FALSE
4/26/2021,56,ALBIA,,ARTHROPODA,ARACHNIDA,TROMBIDIFORMES,ATURIDAE,,,ALBIA,PR,,,FALSE
4/26/2021,57,ARRENURUS,,ARTHROPODA,ARACHNIDA,TROMBIDIFORMES,ARRENURIDAE,,,ARRENURUS,PR,CB,8,FALSE
4/26/2021,58,CALLIBAETIS,,ARTHROPODA,INSECTA,EPHEMEROPTERA,BAETIDAE,,,CALLIBAETIS,CG,BU,4,FALSE
4/26/2021,59,CLINOTANYPUS,,ARTHROPODA,INSECTA,DIPTERA,CHIRONOMIDAE,TANYPODINAE,COELOTANYPODINI,CLINOTANYPUS,PR,BU,6.3,FALSE
4/26/2021,60,CRYPTOTENDIPES,,ARTHROPODA,INSECTA,DIPTERA,CHIRONOMIDAE,CHIRONOMINAE,CHIRONOMINI,CRYPTOTENDIPES,CG,BU,8,FALSE
4/26/2021,61,DUBIRAPHIA,,ARTHROPODA,INSECTA,COLEOPTERA,ELMIDAE,,,DUBIRAPHIA,"CG,SC",CN,4.8,FALSE
4/26/2021,62,ENALLAGMA,,ARTHROPODA,INSECTA,ODONATA,COENAGRIONIDAE,,,ENALLAGMA,PR,CB,7.5,FALSE
4/26/2021,63,FORELIA,,ARTHROPODA,ARACHNIDA,TROMBIDIFORMES,PIONIDAE,,,FORELIA,PR,SW,8,FALSE
4/26/2021,64,GYRAULUS,,MOLLUSCA,GASTROPODA,BASOMMATOPHORA,PLANORBIDAE,,,GYRAULUS,SC,CB,7,FALSE
4/26/2021,65,HIRUDINIDA,,ANNELIDA,CLITELLATA,HIRUDINIDA,,,,,,,,FALSE
4/26/2021,82,OECETIS,,ARTHROPODA,INSECTA,TRICHOPTERA,LEPTOCERIDAE,LEPTOCERINAE,OECETINI,OECETIS,PR,"CN,SP",5.6,FALSE
4/26/2021,88,PHYSA,,MOLLUSCA,GASTROPODA,BASOMMATOPHORA,PHYSIDAE,PHYSINAE,,PHYSA,SC,CB,8,FALSE
4/26/2021,91,PRISTINA,,ANNELIDA,CLITELLATA,HAPLOTAXIDA,NAIDIDAE,,,PRISTINA,CG,BU,9.9,FALSE
4/26/2021,92,PROCLADIUS,,ARTHROPODA,INSECTA,DIPTERA,CHIRONOMIDAE,TANYPODINAE,PROCLADIINI,PROCLADIUS,PR,SP,9,FALSE
4/26/2021,93,SLAVINA,,ANNELIDA,CLITELLATA,HAPLOTAXIDA,NAIDIDAE,,,SLAVINA,CG,,6.7,FALSE
4/26/2021,94,TANYTARSINI,,ARTHROPODA,INSECTA,DIPTERA,CHIRONOMIDAE,CHIRONOMINAE,TANYTARSINI,,CF,,6,FALSE
4/26/2021,95,ZAVRELIELLA,,ARTHROPODA,INSECTA,DIPTERA,CHIRONOMIDAE,CHIRONOMINAE,TANYTARSINI,ZAVRELIELLA,CG,BU,4.7,FALSE
4/26/2021,96,ATRICHOPOGON,,ARTHROPODA,INSECTA,DIPTERA,CERATOPOGONIDAE,FORCIPOMYIINAE,,ATRICHOPOGON,"CG,PR",CN,6,FALSE
4/26/2021,97,CERATOPOGONIDAE,,ARTHROPODA,INSECTA,DIPTERA,CERATOPOGONIDAE,,,,PR,SP,6,FALSE
4/26/2021,98,CORDULIIDAE,,ARTHROPODA,INSECTA,ODONATA,CORDULIIDAE,,,,PR,CB,3.9,FALSE
4/26/2021,99,HYDROBIIDAE,,MOLLUSCA,GASTROPODA,NEOTAENIOGLOSSA,HYDROBIIDAE,NYMPHOPHILINAE,,,SC,CB,5.3,FALSE
4/26/2021,100,LABRUNDINIA,,ARTHROPODA,INSECTA,DIPTERA,CHIRONOMIDAE,TANYPODINAE,PENTANEURINI,LABRUNDINIA,PR,SP,5.3,FALSE
4/26/2021,101,MACRONYCHUS,,ARTHROPODA,INSECTA,COLEOPTERA,ELMIDAE,,,MACRONYCHUS,"CG,SC",CN,4.5,FALSE
4/26/2021,102,NEUMANIA,,ARTHROPODA,ARACHNIDA,TROMBIDIFORMES,UNIONICOLIDAE,,,NEUMANIA,PR,SW,8,FALSE
4/26/2021,103,PARACLADOPELMA,,ARTHROPODA,INSECTA,DIPTERA,CHIRONOMIDAE,CHIRONOMINAE,CHIRONOMINI,PARACLADOPELMA,CG,SP,4.2,FALSE
4/26/2021,104,PLANORBIDAE,,MOLLUSCA,GASTROPODA,BASOMMATOPHORA,PLANORBIDAE,,,,SC,CB,6.9,FALSE
4/26/2021,105,SCIRTIDAE,,ARTHROPODA,INSECTA,COLEOPTERA,SCIRTIDAE,,,,SC,CB,4.5,FALSE
4/26/2021,106,SPHAERIIDAE,,MOLLUSCA,BIVALVIA,VENEROIDA,SPHAERIIDAE,,,,,,,FALSE
4/26/2021,107,STYLARIA,,ANNELIDA,CLITELLATA,HAPLOTAXIDA,NAIDIDAE,,,STYLARIA,CG,SW,7,FALSE
4/26/2021,108,TAPHROMYSIS,,ARTHROPODA,MALACOSTRACA,MYSIDA,MYSIDAE,,,TAPHROMYSIS,,,,FALSE
4/26/2021,109,BRATISLAVIA,,ANNELIDA,CLITELLATA,HAPLOTAXIDA,NAIDIDAE,,,BRATISLAVIA,CG,CN,,FALSE
4/26/2021,110,EPITHECA,,ARTHROPODA,INSECTA,ODONATA,CORDULIIDAE,CODULIINAE,,EPITHECA,"CF,CG,PR",CB,4,FALSE
4/26/2021,111,HYDROCANTHUS,,ARTHROPODA,INSECTA,COLEOPTERA,NOTERIDAE,NOTERINAE,,HYDROCANTHUS,PR,CB,7,FALSE
4/26/2021,112,ISCHNURA,,ARTHROPODA,INSECTA,ODONATA,COENAGRIONIDAE,,,ISCHNURA,PR,CB,9,FALSE
4/26/2021,113,LEPIDOPTERA,,ARTHROPODA,INSECTA,LEPIDOPTERA,,,,,SH,,6.7,FALSE
4/26/2021,114,LEPTOCERIDAE,,ARTHROPODA,INSECTA,TRICHOPTERA,LEPTOCERIDAE,,,,CG,CB,3.4,FALSE
4/26/2021,115,LIODESSUS,,ARTHROPODA,INSECTA,COLEOPTERA,DYTISCIDAE,HYDROPORINAE,,LIODESSUS,PR,SW,,FALSE
4/26/2021,116,LUMBRICULIDAE,,ANNELIDA,CLITELLATA,LUMBRICULIDA,LUMBRICULIDAE,,,,CG,BU,8.3,FALSE
4/26/2021,117,LYMNAEIDAE,,MOLLUSCA,GASTROPODA,BASOMMATOPHORA,LYMNAEIDAE,,,,SC,CB,6.1,FALSE
4/26/2021,118,NEOPLEA,,ARTHROPODA,INSECTA,HEMIPTERA,PLEIDAE,,,NEOPLEA,PR,SW,,FALSE
4/26/2021,119,PELTODYTES,,ARTHROPODA,INSECTA,COLEOPTERA,HALIPLIDAE,,,PELTODYTES,"PI,SH","CB,CN",5,FALSE
4/26/2021,120,PERITHEMIS,,ARTHROPODA,INSECTA,ODONATA,LIBELLULIDAE,,,PERITHEMIS,PR,SP,9.6,FALSE
4/26/2021,121,PIONIDAE,,ARTHROPODA,ARACHNIDA,TROMBIDIFORMES,PIONIDAE,,,,PR,CB,8,FALSE
4/26/2021,122,ALLONAIS,,ANNELIDA,CLITELLATA,HAPLOTAXIDA,NAIDIDAE,,,ALLONAIS,,,,FALSE
4/26/2021,123,HYDRA,,CNIDARIA,HYDROZOA,ANTHOATHECATAE,HYDRIDAE,,,HYDRA,,,,FALSE
4/26/2021,124,HYDROPHILIDAE,,ARTHROPODA,INSECTA,COLEOPTERA,HYDROPHILIDAE,,,,PR,SW,5.1,FALSE
4/26/2021,125,LIBELLULIDAE/CORDULIIDAE,,ARTHROPODA,INSECTA,ODONATA,LIBELLULIDAE/CORDULIIDAE,,,,,,,FALSE
4/26/2021,126,PARAKIEFFERIELLA,,ARTHROPODA,INSECTA,DIPTERA,CHIRONOMIDAE,ORTHOCLADIINAE,,PARAKIEFFERIELLA,CG,SP,2,FALSE
4/26/2021,127,SUPHISELLUS,,ARTHROPODA,INSECTA,COLEOPTERA,NOTERIDAE,NOTERINAE,,SUPHISELLUS,PR,CB,,FALSE
4/26/2021,128,BELOSTOMATIDAE,,ARTHROPODA,INSECTA,HEMIPTERA,BELOSTOMATIDAE,,,,PR,CB,5,FALSE
4/26/2021,129,CERATOPOGONINAE,,ARTHROPODA,INSECTA,DIPTERA,CERATOPOGONIDAE,CERATOPOGONINAE,,,"PR,CG","SP,BU,PK",6,FALSE
4/26/2021,130,CHLOROTABANUS,,ARTHROPODA,INSECTA,DIPTERA,TABANIDAE,,,CHLOROTABANUS,,,,FALSE
4/26/2021,131,CHRYSOPS,,ARTHROPODA,INSECTA,DIPTERA,TABANIDAE,CHRYSOPSINAE,CHRYSOPSINI,CHRYSOPS,PR,SP,8,FALSE
4/26/2021,132,HELOCHARES,,ARTHROPODA,INSECTA,COLEOPTERA,HYDROPHILIDAE,HYDROPHILINAE,HYDROPHILINI,HELOCHARES,CG,,4,FALSE
4/26/2021,133,HYDROCHUS,,ARTHROPODA,INSECTA,COLEOPTERA,HYDROCHIDAE,,,HYDROCHUS,SH,"CB,SW",6,FALSE
4/26/2021,134,HYDROPORINAE,,ARTHROPODA,INSECTA,COLEOPTERA,DYTISCIDAE,HYDROPORINAE,,,PR,,,FALSE
4/26/2021,135,KOENIKEA,,ARTHROPODA,ARACHNIDA,TROMBIDIFORMES,UNIONICOLIDAE,,,KOENIKEA,PR,CB,8,FALSE
4/26/2021,136,LIBELLULA,,ARTHROPODA,INSECTA,ODONATA,LIBELLULIDAE,,,LIBELLULA,PR,SP,8.5,FALSE
4/26/2021,137,LIBELLULIDAE,,ARTHROPODA,INSECTA,ODONATA,LIBELLULIDAE,,,,PR,SP,8.2,FALSE
4/26/2021,138,OXUS,,ARTHROPODA,ARACHNIDA,TROMBIDIFORMES,OXIDAE,,,OXUS,PR,CB,8,FALSE
4/26/2021,139,PARATENDIPES,,ARTHROPODA,INSECTA,DIPTERA,CHIRONOMIDAE,CHIRONOMINAE,CHIRONOMINI,PARATENDIPES,CG,BU,5.4,FALSE
4/26/2021,140,TROPISTERNUS,,ARTHROPODA,INSECTA,COLEOPTERA,HYDROPHILIDAE,HYDROPHILINAE,HYDROPHILINI,TROPISTERNUS,"CG,PR",CB,6.5,FALSE
4/26/2021,141,ANCYRONYX,,ARTHROPODA,INSECTA,COLEOPTERA,ELMIDAE,,,ANCYRONYX,"CG,SC",CN,4.2,FALSE
4/26/2021,142,BEROSUS,,ARTHROPODA,INSECTA,COLEOPTERA,HYDROPHILIDAE,HYDROPHILINAE,BEROSINI,BEROSUS,"CG,PI",SW,5,FALSE
4/26/2021,143,CELINA,,ARTHROPODA,INSECTA,COLEOPTERA,DYTISCIDAE,HYDROPORINAE,,CELINA,PR,SW,,FALSE
4/26/2021,144,CERNOTINA,,ARTHROPODA,INSECTA,TRICHOPTERA,POLYCENTROPODIDAE,,,CERNOTINA,,,,FALSE
4/26/2021,145,CHIRONOMUS,,ARTHROPODA,INSECTA,DIPTERA,CHIRONOMIDAE,CHIRONOMINAE,CHIRONOMINI,CHIRONOMUS,CG,BU,9.5,FALSE
4/26/2021,146,CLADOPELMA,,ARTHROPODA,INSECTA,DIPTERA,CHIRONOMIDAE,CHIRONOMINAE,CHIRONOMINI,CLADOPELMA,CG,BU,5,FALSE
4/26/2021,147,CRAMBIDAE,,ARTHROPODA,INSECTA,LEPIDOPTERA,CRAMBIDAE,,,,SH,BU,,FALSE
4/26/2021,148,CRANGONYX,,ARTHROPODA,MALACOSTRACA,AMPHIPODA,CRANGONYCTIDAE,,,CRANGONYX,CG,SP,7,FALSE
4/26/2021,149,ERYTHEMIS,,ARTHROPODA,INSECTA,ODONATA,LIBELLULIDAE,,,ERYTHEMIS,PR,"CB,SP",9.4,FALSE
4/26/2021,150,FRONTIPODA,,ARTHROPODA,ARACHNIDA,TROMBIDIFORMES,OXIDAE,,,FRONTIPODA,PR,,,FALSE
4/26/2021,151,HALIPLUS,,ARTHROPODA,INSECTA,COLEOPTERA,HALIPLIDAE,,,HALIPLUS,"PI,SH",CB,6.5,FALSE
4/26/2021,152,HYDRODROMA,,ARTHROPODA,ARACHNIDA,TROMBIDIFORMES,HYDRODROMIDAE,,,HYDRODROMA,PR,SW,8,FALSE
4/26/2021,153,KIEFFERULUS,,ARTHROPODA,INSECTA,DIPTERA,CHIRONOMIDAE,CHIRONOMINAE,CHIRONOMINI,KIEFFERULUS,CG,,10,FALSE
4/26/2021,154,LAEVAPEX,,MOLLUSCA,GASTROPODA,BASOMMATOPHORA,ANCYLIDAE,,,LAEVAPEX,SC,CB,6,FALSE
4/26/2021,155,LARSIA,,ARTHROPODA,INSECTA,DIPTERA,CHIRONOMIDAE,TANYPODINAE,PENTANEURINI,LARSIA,PR,SP,4.5,FALSE
4/26/2021,156,LAUTERBORNIELLA,,ARTHROPODA,INSECTA,DIPTERA,CHIRONOMIDAE,CHIRONOMINAE,CHIRONOMINI,LAUTERBORNIELLA,CG,CN,4.8,FALSE
4/26/2021,157,LIMNESIA,,ARTHROPODA,ARACHNIDA,TROMBIDIFORMES,LIMNESIIDAE,,,LIMNESIA,PR,SW,8,FALSE
4/26/2021,158,MACROMIA,,ARTHROPODA,INSECTA,ODONATA,CORDULIIDAE,MACROMIINAE,,MACROMIA,PR,SP,3.5,FALSE
4/26/2021,159,MICROTENDIPES,,ARTHROPODA,INSECTA,DIPTERA,CHIRONOMIDAE,CHIRONOMINAE,CHIRONOMINI,MICROTENDIPES,CF,CN,6,FALSE
4/26/2021,160,NILOTHAUMA,,ARTHROPODA,INSECTA,DIPTERA,CHIRONOMIDAE,CHIRONOMINAE,CHIRONOMINI,NILOTHAUMA,,,2,FALSE
4/26/2021,161,OXYETHIRA,,ARTHROPODA,INSECTA,TRICHOPTERA,HYDROPTILIDAE,HYDROPTILINAE,HYDROPTILINI,OXYETHIRA,CG,"CB,CN",6,FALSE
4/26/2021,162,PALAEMONETES,,ARTHROPODA,MALACOSTRACA,DECAPODA,PALAEMONIDAE,PALAEMONINAE,,PALAEMONETES,CG,SP,5.1,FALSE
4/26/2021,163,PARAPOYNX,,ARTHROPODA,INSECTA,LEPIDOPTERA,CRAMBIDAE,NYMPHULINAE,NYMPHULINI,PARAPOYNX,SH,CB,5,FALSE
4/26/2021,164,PISIDIUM,,MOLLUSCA,BIVALVIA,VENEROIDA,PISIDIIDAE,PISIDIINAE,,PISIDIUM,CF,BU,8,FALSE
4/26/2021,165,POLYCENTROPODIDAE,,ARTHROPODA,INSECTA,TRICHOPTERA,POLYCENTROPODIDAE,,,,CF,CN,5.2,FALSE
4/26/2021,166,TANYPUS,,ARTHROPODA,INSECTA,DIPTERA,CHIRONOMIDAE,TANYPODINAE,TANYPODINI,TANYPUS,PR,SP,6,FALSE
4/26/2021,168,UNIONICOLA,,ARTHROPODA,ARACHNIDA,TROMBIDIFORMES,UNIONICOLIDAE,,,UNIONICOLA,PR,"CB,SW",8,FALSE
4/26/2021,169,XENOCHIRONOMUS,,ARTHROPODA,INSECTA,DIPTERA,CHIRONOMIDAE,CHIRONOMINAE,CHIRONOMINI,XENOCHIRONOMUS,PR,BU,4.4,FALSE
4/26/2021,170,AULODRILUS,,ANNELIDA,CLITELLATA,HAPLOTAXIDA,TUBIFICIDAE,,,AULODRILUS,CG,SP,6.5,FALSE
4/26/2021,171,BAETIDAE,,ARTHROPODA,INSECTA,EPHEMEROPTERA,BAETIDAE,,,,CG,SW,4.2,FALSE
4/26/2021,172,MIDEOPSIS,,ARTHROPODA,ARACHNIDA,TROMBIDIFORMES,MIDEOPSIDAE,,,MIDEOPSIS,PR,,8,FALSE
4/26/2021,173,PROBEZZIA,,ARTHROPODA,INSECTA,DIPTERA,CERATOPOGONIDAE,CERATOPOGONINAE,,PROBEZZIA,"PR,CG","SP,BU,PK",6,FALSE
4/26/2021,174,BASIAESCHNA,,ARTHROPODA,INSECTA,ODONATA,AESHNIDAE,,,BASIAESCHNA,PR,CN,5.4,FALSE
4/26/2021,175,ODONATA,,ARTHROPODA,INSECTA,ODONATA,,,,,PR,CB,5,FALSE
4/26/2021,176,TABANIDAE,,ARTHROPODA,INSECTA,DIPTERA,TABANIDAE,,,,PR,SP,7.3,FALSE
4/26/2021,177,TRIAENODES,,ARTHROPODA,INSECTA,TRICHOPTERA,LEPTOCERIDAE,LEPTOCERINAE,TRIAENODINI,TRIAENODES,SH,SW,4.8,FALSE
4/26/2021,178,AESHNIDAE,,ARTHROPODA,INSECTA,ODONATA,AESHNIDAE,,,,PR,"CB,CN",3.5,FALSE
4/26/2021,179,GONOMYIA,,ARTHROPODA,INSECTA,DIPTERA,TIPULIDAE,,,GONOMYIA,CG,BU,3,FALSE
4/26/2021,180,MACROMIIDAE,,ARTHROPODA,INSECTA,ODONATA,MACROMIIDAE,,,,,,,FALSE
4/26/2021,181,NEOPORUS,,ARTHROPODA,INSECTA,COLEOPTERA,DYTISCIDAE,HYDROPORINAE,HYDROPORINI,NEOPORUS,PR,,,FALSE
4/26/2021,182,TIPULIDAE,,ARTHROPODA,INSECTA,DIPTERA,TIPULIDAE,,,,"SH,CG",BU,3.8,FALSE
4/26/2021,183,BRANCHIURA,,ANNELIDA,CLITELLATA,HAPLOTAXIDA,TUBIFICIDAE,,,BRANCHIURA,CG,CB,8.1,FALSE
4/26/2021,184,CHAOBORUS,,ARTHROPODA,INSECTA,DIPTERA,CHAOBORIDAE,CHAOBORINAE,,CHAOBORUS,PR,SP,8,FALSE
4/26/2021,185,COELOTANYPUS,,ARTHROPODA,INSECTA,DIPTERA,CHIRONOMIDAE,TANYPODINAE,COELOTANYPODINI,COELOTANYPUS,PR,BU,6.9,FALSE
4/26/2021,186,EINFELDIA,,ARTHROPODA,INSECTA,DIPTERA,CHIRONOMIDAE,CHIRONOMINAE,CHIRONOMINI,EINFELDIA,CG,BU,7,FALSE
4/26/2021,187,GUTTIPELOPIA,,ARTHROPODA,INSECTA,DIPTERA,CHIRONOMIDAE,TANYPODINAE,PENTANEURINI,GUTTIPELOPIA,PR,SP,5,FALSE
4/26/2021,188,MUSCULIUM,,MOLLUSCA,BIVALVIA,VENEROIDA,PISIDIIDAE,,,MUSCULIUM,CF,BU,,FALSE
4/26/2021,189,NOTERIDAE,,ARTHROPODA,INSECTA,COLEOPTERA,NOTERIDAE,,,,"PR,CG","SW,BU,CB",,FALSE
4/26/2021,190,SIALIS,,ARTHROPODA,INSECTA,MEGALOPTERA,SIALIDAE,,,SIALIS,PR,BU,4,FALSE
4/26/2021,191,SPHAEROMIAS,,ARTHROPODA,INSECTA,DIPTERA,CERATOPOGONIDAE,CERATOPOGONINAE,,SPHAEROMIAS,"PR,CG","SP,BU,PK",6,FALSE
4/26/2021,192,HAEMONAIS,,ANNELIDA,CLITELLATA,HAPLOTAXIDA,NAIDIDAE,,,HAEMONAIS,CG,,8,FALSE
4/26/2021,193,UNIONIDAE,,MOLLUSCA,BIVALVIA,UNIONOIDA,UNIONIDAE,,,,CF,BU,7.2,FALSE
4/26/2021,194,UNIONOIDA,,MOLLUSCA,BIVALVIA,UNIONOIDA,,,,,,,,FALSE
4/26/2021,195,VENEROIDA,,MOLLUSCA,BIVALVIA,VENEROIDA,,,,,,,,FALSE
4/26/2021,196,AMPHIPODA,,ARTHROPODA,MALACOSTRACA,AMPHIPODA,,,,,CG,SP,4.7,FALSE
4/26/2021,197,BRACHYCERCUS,,ARTHROPODA,INSECTA,EPHEMEROPTERA,CAENIDAE,,,BRACHYCERCUS,"CG,SH",SP,7,FALSE
4/26/2021,198,CAMBARIDAE,,ARTHROPODA,MALACOSTRACA,DECAPODA,CAMBARIDAE,,,,CG,SP,6,FALSE
4/26/2021,199,CHAETOGASTER,,ANNELIDA,CLITELLATA,HAPLOTAXIDA,NAIDIDAE,,,CHAETOGASTER,,,,FALSE
4/26/2021,200,GASTROPODA,,MOLLUSCA,GASTROPODA,,,,,,SC,CB,7,FALSE
4/26/2021,201,HEXAGENIA,,ARTHROPODA,INSECTA,EPHEMEROPTERA,EPHEMERIDAE,,,HEXAGENIA,CG,BU,4.3,FALSE
4/26/2021,202,HYGROBATES,,ARTHROPODA,ARACHNIDA,TROMBIDIFORMES,HYGROBATIDAE,,,HYGROBATES,PR,CB,8,FALSE
4/26/2021,203,LEPTOPHLEBIIDAE,,ARTHROPODA,INSECTA,EPHEMEROPTERA,LEPTOPHLEBIIDAE,,,,CG,CN,2.1,FALSE
4/26/2021,204,LIRCEUS,,ARTHROPODA,MALACOSTRACA,ISOPODA,ASELLIDAE,,,LIRCEUS,CG,SP,8,FALSE
4/26/2021,205,NECTOPSYCHE,,ARTHROPODA,INSECTA,TRICHOPTERA,LEPTOCERIDAE,LEPTOCERINAE,NECTOPSYCHINI,NECTOPSYCHE,SH,"CB,SP",3.3,FALSE
4/26/2021,206,PIONA,,ARTHROPODA,ARACHNIDA,TROMBIDIFORMES,PIONIDAE,,,PIONA,PR,,8,FALSE
4/26/2021,207,STENELMIS,,ARTHROPODA,INSECTA,COLEOPTERA,ELMIDAE,,,STENELMIS,SC,CN,4.8,FALSE
4/26/2021,208,STENONEMA,,ARTHROPODA,INSECTA,EPHEMEROPTERA,HEPTAGENIIDAE,,,STENONEMA,SC,CN,3.4,FALSE
4/26/2021,209,PAGASTIELLA,,ARTHROPODA,INSECTA,DIPTERA,CHIRONOMIDAE,CHIRONOMINAE,CHIRONOMINI,PAGASTIELLA,CG,SP,2,FALSE
4/26/2021,210,KRENDOWSKIA,,ARTHROPODA,ARACHNIDA,TROMBIDIFORMES,KRENDOWSKIIDAE,,,KRENDOWSKIA,,,,FALSE
4/26/2021,211,HYDRYPHANTIDAE,,ARTHROPODA,ARACHNIDA,TROMBIDIFORMES,HYDRYPHANTIDAE,,,,PR,"CB,SW",8,FALSE
4/26/2021,212,SARCOPTIFORMES,,ARTHROPODA,ARACHNIDA,SARCOPTIFORMES,,,,,PR,,8,FALSE
4/26/2021,214,HEMERODROMIA,,ARTHROPODA,INSECTA,DIPTERA,EMPIDIDAE,HEMERODROMIINAE,HEMERODROMIINI,HEMERODROMIA,PR,SP,6,FALSE
4/26/2021,215,MELANOIDES,,MOLLUSCA,GASTROPODA,NEOTAENIOGLOSSA,THIARIDAE,,,MELANOIDES,SC,,,FALSE
4/26/2021,216,PLANORBELLA,,MOLLUSCA,GASTROPODA,BASOMMATOPHORA,PLANORBIDAE,,,PLANORBELLA,SC,CB,7.8,FALSE
4/26/2021,217,APEDILUM,,ARTHROPODA,INSECTA,DIPTERA,CHIRONOMIDAE,CHIRONOMINAE,CHIRONOMINI,APEDILUM,,"SP,BU",,FALSE
4/26/2021,219,EPHYDRIDAE,,ARTHROPODA,INSECTA,DIPTERA,EPHYDRIDAE,,,,CG,BU,5.9,FALSE
4/26/2021,220,THEROMYZON,,ANNELIDA,CLITELLATA,RHYNCHOBDELLIDA,GLOSSIPHONIIDAE,,,THEROMYZON,PA,,,FALSE
4/26/2021,221,BRANCHIOBDELLIDAE,,ANNELIDA,CLITELLATA,BRANCHIOBDELLIDA,BRANCHIOBDELLIDAE,,,,,,,FALSE
4/26/2021,222,GAMMARUS,,ARTHROPODA,MALACOSTRACA,AMPHIPODA,GAMMARIDAE,,,GAMMARUS,"CG,SH",SP,5.7,FALSE
4/26/2021,223,ORCONECTES,,ARTHROPODA,MALACOSTRACA,DECAPODA,CAMBARIDAE,CAMBARINAE,,ORCONECTES,"CG,SH",SP,6.9,FALSE
4/26/2021,224,ENCHYTRAEIDAE,,ANNELIDA,CLITELLATA,HAPLOTAXIDA,ENCHYTRAEIDAE,,,,CG,BU,9,FALSE
4/26/2021,225,HEDRIODISCUS/ODONTOMYIA,,ARTHROPODA,INSECTA,DIPTERA,STRATIOMYIDAE,,,HEDRIODISCUS/ODONTOMYIA,,,,FALSE
4/26/2021,226,HYDROSCAPHA,,ARTHROPODA,INSECTA,COLEOPTERA,HYDROSCAPHIDAE,,,HYDROSCAPHA,SC,CN,,FALSE
4/26/2021,227,FERRISSIA,,MOLLUSCA,GASTROPODA,BASOMMATOPHORA,ANCYLIDAE,,,FERRISSIA,SC,CB,5.5,FALSE
4/26/2021,228,HARNISCHIA,,ARTHROPODA,INSECTA,DIPTERA,CHIRONOMIDAE,CHIRONOMINAE,CHIRONOMINI,HARNISCHIA,CG,"BU,CB",8,FALSE
4/26/2021,229,HYGROTUS,,ARTHROPODA,INSECTA,COLEOPTERA,DYTISCIDAE,HYDROPORINAE,HYGROTINI,HYGROTUS,PR,SW,4,FALSE
4/26/2021,230,MICROCHIRONOMUS,,ARTHROPODA,INSECTA,DIPTERA,CHIRONOMIDAE,CHIRONOMINAE,CHIRONOMINI,MICROCHIRONOMUS,CG,BU,,FALSE
4/26/2021,233,BIOMPHALARIA,,MOLLUSCA,GASTROPODA,BASOMMATOPHORA,PLANORBIDAE,,,BIOMPHALARIA,SC,CB,,FALSE
4/26/2021,234,ENOCHRUS,,ARTHROPODA,INSECTA,COLEOPTERA,HYDROPHILIDAE,HYDROPHILINAE,HYDROPHILINI,ENOCHRUS,CG,BU,6.5,FALSE
4/26/2021,235,GOELDICHIRONOMUS,,ARTHROPODA,INSECTA,DIPTERA,CHIRONOMIDAE,CHIRONOMINAE,CHIRONOMINI,GOELDICHIRONOMUS,CG,BU,0,FALSE
4/26/2021,236,ENDOTRIBELOS,,ARTHROPODA,INSECTA,DIPTERA,CHIRONOMIDAE,CHIRONOMINAE,CHIRONOMINI,ENDOTRIBELOS,CG,"BU,CN",,FALSE
4/26/2021,237,RADIX,,MOLLUSCA,GASTROPODA,BASOMMATOPHORA,LYMNAEIDAE,LYMNAEINAE,,RADIX,CG,CB,6.6,FALSE
4/26/2021,238,SYMPETRUM,,ARTHROPODA,INSECTA,ODONATA,LIBELLULIDAE,,,SYMPETRUM,PR,SP,8.2,FALSE
4/26/2021,239,COENAGRION/ENALLAGMA,,ARTHROPODA,INSECTA,ODONATA,COENAGRIONIDAE,,,COENAGRION/ENALLAGMA,,,,FALSE
4/26/2021,240,DYTISCIDAE,,ARTHROPODA,INSECTA,COLEOPTERA,DYTISCIDAE,,,,PR,"CB,SW",5.1,FALSE
4/26/2021,241,HELISOMA,,MOLLUSCA,GASTROPODA,BASOMMATOPHORA,PLANORBIDAE,,,HELISOMA,SC,CB,5.7,FALSE
4/26/2021,242,HYDROBAENUS,,ARTHROPODA,INSECTA,DIPTERA,CHIRONOMIDAE,ORTHOCLADIINAE,ORTHOCLADIINI/METRIOCNEMINI,HYDROBAENUS,SC,SP,8.5,FALSE
4/26/2021,243,QUISTRADRILUS,,ANNELIDA,CLITELLATA,HAPLOTAXIDA,TUBIFICIDAE,,,QUISTRADRILUS,,,,FALSE
4/26/2021,248,CORIXIDAE,Y,ARTHROPODA,INSECTA,HEMIPTERA,CORIXIDAE,,,,PR,SW,8.1,FALSE
4/26/2021,252,CULICIDAE,,ARTHROPODA,INSECTA,DIPTERA,CULICIDAE,,,,CG,SW,7.7,FALSE
4/26/2021,255,MENETUS,,MOLLUSCA,GASTROPODA,BASOMMATOPHORA,PLANORBIDAE,,,MENETUS,SC,CB,7.6,FALSE
4/26/2021,256,MESOVELIA,Y,ARTHROPODA,INSECTA,HEMIPTERA,MESOVELIIDAE,,,MESOVELIA,PR,,,FALSE
4/26/2021,257,NOTONECTA,Y,ARTHROPODA,INSECTA,HEMIPTERA,NOTONECTIDAE,NOTONECTINAE,NOTONECTINI,NOTONECTA,PR,"CB, SW",10,FALSE
4/26/2021,258,OCTOGOMPHUS,,ARTHROPODA,INSECTA,ODONATA,GOMPHIDAE,,,OCTOGOMPHUS,PR,BU,1,FALSE
4/26/2021,259,OPHIDONAIS,,ANNELIDA,CLITELLATA,HAPLOTAXIDA,NAIDIDAE,,,OPHIDONAIS,,,6.5,FALSE
4/26/2021,260,OSTRACODA,,ARTHROPODA,OSTRACODA,,,,,,,,,FALSE
4/26/2021,266,PSECTROCLADIUS,,ARTHROPODA,INSECTA,DIPTERA,CHIRONOMIDAE,ORTHOCLADIINAE,,PSECTROCLADIUS,"CG,SH",SP,7,FALSE
4/26/2021,267,STEMPELLINA,,ARTHROPODA,INSECTA,DIPTERA,CHIRONOMIDAE,CHIRONOMINAE,TANYTARSINI,STEMPELLINA,CG,CB,0,FALSE
4/26/2021,268,TANYPODINAE,,ARTHROPODA,INSECTA,DIPTERA,CHIRONOMIDAE,TANYPODINAE,,,PR,BU,7,FALSE
4/26/2021,270,CORISELLA,Y,ARTHROPODA,INSECTA,HEMIPTERA,CORIXIDAE,CORIXINAE,CORIXINI,CORISELLA,PR,SW,8,FALSE
4/26/2021,272,PALMACORIXA,Y,ARTHROPODA,INSECTA,HEMIPTERA,CORIXIDAE,CORIXINAE,,PALMACORIXA,PR,SW,6,FALSE
4/26/2021,275,TRICHOCORIXA,Y,ARTHROPODA,INSECTA,HEMIPTERA,CORIXIDAE,CORIXINAE,CORIXINI,TRICHOCORIXA,PR,SW,6.4,FALSE
4/26/2021,276,LEPIDOSTOMA,,ARTHROPODA,INSECTA,TRICHOPTERA,LEPIDOSTOMATIDAE,LEPIDOSTOMATINAE,,LEPIDOSTOMA,SH,CB,3,FALSE
4/26/2021,278,ANAX,,ARTHROPODA,INSECTA,ODONATA,AESHNIDAE,,,ANAX,PR,CN,4,FALSE
4/26/2021,282,THIENEMANNIMYIA GENUS GR.,,ARTHROPODA,INSECTA,DIPTERA,CHIRONOMIDAE,TANYPODINAE,PENTANEURINI,THIENEMANNIMYIA,PR,SP,,FALSE
4/26/2021,283,STAPHYLINIDAE,,ARTHROPODA,INSECTA,COLEOPTERA,STAPHYLINIDAE,,,,,,,FALSE
4/26/2021,287,LUMBRICULUS,,ANNELIDA,CLITELLATA,LUMBRICULIDA,LUMBRICULIDAE,,,LUMBRICULUS,CG,,,FALSE
4/26/2021,310,TUBIFICIDAE,,ANNELIDA,CLITELLATA,HAPLOTAXIDA,TUBIFICIDAE,,,,CG,CN,9,FALSE
4/26/2021,312,LYMNAEA,,MOLLUSCA,GASTROPODA,BASOMMATOPHORA,LYMNAEIDAE,LYMNAEINAE,,LYMNAEA,SC,CB,2.6,FALSE
4/26/2021,315,SPHAERIUM,,MOLLUSCA,BIVALVIA,VENEROIDA,PISIDIIDAE,SPHAERIINAE,,SPHAERIUM,"CF,CG",BU,8,FALSE
4/26/2021,316,TRAMEA,,ARTHROPODA,INSECTA,ODONATA,LIBELLULIDAE,,,TRAMEA,PR,SP,,FALSE
4/26/2021,324,STICTOCHIRONOMUS,,ARTHROPODA,INSECTA,DIPTERA,CHIRONOMIDAE,CHIRONOMINAE,CHIRONOMINI,STICTOCHIRONOMUS,CG,BU,5,FALSE
4/26/2021,325,ECCLISOMYIA,,ARTHROPODA,INSECTA,TRICHOPTERA,LIMNEPHILIDAE,,,ECCLISOMYIA,CG,,2,FALSE
4/26/2021,326,EUBRIANAX,,ARTHROPODA,INSECTA,COLEOPTERA,PSEPHENIDAE,,,EUBRIANAX,,,,FALSE
4/26/2021,327,GUMAGA,,ARTHROPODA,INSECTA,TRICHOPTERA,SERICOSTOMATIDAE,,,GUMAGA,SH,SP,1.1,FALSE
4/26/2021,328,LIMNEPHILIDAE,,ARTHROPODA,INSECTA,TRICHOPTERA,LIMNEPHILIDAE,,,,SH,CB,4.5,FALSE
4/26/2021,330,PLATHEMIS,,ARTHROPODA,INSECTA,ODONATA,LIBELLULIDAE,,,PLATHEMIS,,,,FALSE
4/26/2021,331,ORTHOCLADIINAE,,ARTHROPODA,INSECTA,DIPTERA,CHIRONOMIDAE,ORTHOCLADIINAE,,,CG,BU,5,FALSE
4/26/2021,333,NAIDIDAE,,ANNELIDA,CLITELLATA,HAPLOTAXIDA,NAIDIDAE,,,,CG,BU,9,FALSE
4/26/2021,334,ALOTANYPUS,,ARTHROPODA,INSECTA,DIPTERA,CHIRONOMIDAE,TANYPODINAE,MACROPELOPIINI,ALOTANYPUS,,BU,,FALSE
4/26/2021,335,CHIRONOMIDAE,,ARTHROPODA,INSECTA,DIPTERA,CHIRONOMIDAE,,,,"CG,CF",BU,6.2,FALSE
4/26/2021,336,CHIRONOMINAE,,ARTHROPODA,INSECTA,DIPTERA,CHIRONOMIDAE,CHIRONOMINAE,CHIRONOMINI,,CG,,6,FALSE
4/26/2021,337,HESPEROCORIXA,Y,ARTHROPODA,INSECTA,HEMIPTERA,CORIXIDAE,CORIXINAE,CORIXINI,HESPEROCORIXA,PI,SW,,FALSE
4/26/2021,338,HYDRELLIA,,ARTHROPODA,INSECTA,DIPTERA,EPHYDRIDAE,,,HYDRELLIA,,,,FALSE
4/26/2021,339,LIMNOCHARES,,ARTHROPODA,ARACHNIDA,TROMBIDIFORMES,LIMNOCHARIDAE,,,LIMNOCHARES,PR,CB,8,FALSE
4/26/2021,340,NOTONECTIDAE,Y,ARTHROPODA,INSECTA,HEMIPTERA,NOTONECTIDAE,,,,PR,SW,7,FALSE
4/26/2021,342,ZAVRELIMYIA,,ARTHROPODA,INSECTA,DIPTERA,CHIRONOMIDAE,TANYPODINAE,PENTANEURINI,ZAVRELIMYIA,PR,SP,8.5,FALSE
4/26/2021,343,AESHNA,,ARTHROPODA,INSECTA,ODONATA,AESHNIDAE,,,AESHNA,"CF,CG,PR",CB,3,FALSE
4/26/2021,344,ARCHILESTES,,ARTHROPODA,INSECTA,ODONATA,LESTIDAE,,,ARCHILESTES,,,,FALSE
4/26/2021,346,SERROMYIA,,ARTHROPODA,INSECTA,DIPTERA,CERATOPOGONIDAE,CERATOPOGONINAE,,SERROMYIA,"PR,CG","SP,BU,PK",6,FALSE
4/26/2021,347,SIPHLONURUS,,ARTHROPODA,INSECTA,EPHEMEROPTERA,SIPHLONURIDAE,,,SIPHLONURUS,"CG,SH",SW,7,FALSE
4/26/2021,349,OREODYTES,,ARTHROPODA,INSECTA,COLEOPTERA,DYTISCIDAE,HYDROPORINAE,HYDROPORINI,OREODYTES,SH,SW,5,FALSE
4/26/2021,350,SIGARA,Y,ARTHROPODA,INSECTA,HEMIPTERA,CORIXIDAE,CORIXINAE,CORIXINI,SIGARA,PI,SW,,FALSE
4/26/2021,351,ERPOBDELLIDAE,,ANNELIDA,CLITELLATA,ARHYNCHOBDELLIDA,ERPOBDELLIDAE,,,,PR,SP,8,FALSE
4/26/2021,352,GLOSSIPHONIIDAE,,ANNELIDA,CLITELLATA,RHYNCHOBDELLIDA,GLOSSIPHONIIDAE,,,,PR,SP,7.3,FALSE
4/26/2021,353,AMERICOROPHIUM,,ARTHROPODA,MALACOSTRACA,AMPHIPODA,COROPHIIDAE,,,AMERICOROPHIUM,CG,,,FALSE
4/26/2021,354,MACROPELOPIINI,,ARTHROPODA,INSECTA,DIPTERA,CHIRONOMIDAE,TANYPODINAE,MACROPELOPIINI,,PR,,,FALSE
4/26/2021,355,ATRACTIDES,,ARTHROPODA,ARACHNIDA,TROMBIDIFORMES,HYGROBATIDAE,,,ATRACTIDES,PR,CB,8,FALSE
4/26/2021,356,DOLICHOPODIDAE,,ARTHROPODA,INSECTA,DIPTERA,DOLICHOPODIDAE,,,,PR,BU,4.6,FALSE
4/26/2021,358,ARCTEONAIS,,ANNELIDA,CLITELLATA,HAPLOTAXIDA,NAIDIDAE,,,ARCTEONAIS,,,,FALSE
4/26/2021,360,PROTZIA,,ARTHROPODA,ARACHNIDA,TROMBIDIFORMES,HYDRYPHANTIDAE,,,PROTZIA,,,,FALSE
4/26/2021,362,EPHEMEROPTERA,,ARTHROPODA,INSECTA,EPHEMEROPTERA,,,,,CG,,3.8,FALSE
4/26/2021,363,DIPTERA,,ARTHROPODA,INSECTA,DIPTERA,,,,,CG,CB,7.3,FALSE
4/26/2021,364,PROCAMBARUS,,ARTHROPODA,MALACOSTRACA,DECAPODA,CAMBARIDAE,CAMBARINAE,,PROCAMBARUS,CG,SP,6,FALSE
4/26/2021,365,PYRGULOPSIS,,MOLLUSCA,GASTROPODA,NEOTAENIOGLOSSA,HYDROBIIDAE,,,PYRGULOPSIS,,,,FALSE
4/26/2021,366,TRIBELOS,,ARTHROPODA,INSECTA,DIPTERA,CHIRONOMIDAE,CHIRONOMINAE,CHIRONOMINI,TRIBELOS,CG,BU,5.1,FALSE
4/26/2021,367,NEOMYSIS,,ARTHROPODA,MALACOSTRACA,MYSIDACEA,MYSIDAE,,,NEOMYSIS,,,,FALSE
4/26/2021,368,PETROPHILA,,ARTHROPODA,INSECTA,LEPIDOPTERA,CRAMBIDAE,NYMPHULINAE,ARGYRACTINI,PETROPHILA,SC,CB,5,FALSE
4/26/2021,371,CENTROPTILUM,,ARTHROPODA,INSECTA,EPHEMEROPTERA,BAETIDAE,,,CENTROPTILUM,CG,SW,2,FALSE
4/26/2021,373,HETEROTRISSOCLADIUS,,ARTHROPODA,INSECTA,DIPTERA,CHIRONOMIDAE,ORTHOCLADIINAE,ORTHOCLADIINI/METRIOCNEMINI,HETEROTRISSOCLADIUS,CG,SP,4,FALSE
4/26/2021,374,VALVATA,,MOLLUSCA,GASTROPODA,HETEROSTROPHA,VALVATIDAE,,,VALVATA,SC,CB,,FALSE
4/26/2021,375,MONODIAMESA,,ARTHROPODA,INSECTA,DIPTERA,CHIRONOMIDAE,PRODIAMESINAE,,MONODIAMESA,CG,BU,2,FALSE
4/26/2021,376,PARAMERINA,,ARTHROPODA,INSECTA,DIPTERA,CHIRONOMIDAE,TANYPODINAE,PENTANEURINI,PARAMERINA,PR,SP,2.8,FALSE
4/26/2021,377,PROCLOEON,,ARTHROPODA,INSECTA,EPHEMEROPTERA,BAETIDAE,,,PROCLOEON,CG,SW,8.7,FALSE
4/26/2021,378,THIENEMANNIMYIA,,ARTHROPODA,INSECTA,DIPTERA,CHIRONOMIDAE,TANYPODINAE,PENTANEURINI,THIENEMANNIMYIA,,,,FALSE
4/26/2021,379,UNCINAIS,,ANNELIDA,CLITELLATA,HAPLOTAXIDA,NAIDIDAE,,,UNCINAIS,CG,,,FALSE
4/26/2021,380,LIMNEPHILUS,,ARTHROPODA,INSECTA,TRICHOPTERA,LIMNEPHILIDAE,,,LIMNEPHILUS,SH,"SP,CB",4,FALSE
4/26/2021,381,LIMNOPHYES,,ARTHROPODA,INSECTA,DIPTERA,CHIRONOMIDAE,ORTHOCLADIINAE,ORTHOCLADIINI/METRIOCNEMINI,LIMNOPHYES,CG,SP,1,FALSE
4/26/2021,382,SOMATOCHLORA,,ARTHROPODA,INSECTA,ODONATA,CORDULIIDAE,,,SOMATOCHLORA,PR,"SP,CB",1.6,FALSE
4/26/2021,383,STICTOTARSUS,,ARTHROPODA,INSECTA,COLEOPTERA,DYTISCIDAE,HYDROPORINAE,,STICTOTARSUS,PR,SW,,FALSE
4/26/2021,384,CORYNONEURA,,ARTHROPODA,INSECTA,DIPTERA,CHIRONOMIDAE,ORTHOCLADIINAE,CORYNONEURINI,CORYNONEURA,CG,SP,3.5,FALSE
4/26/2021,385,PHRYGANEIDAE,,ARTHROPODA,INSECTA,TRICHOPTERA,PHRYGANEIDAE,,,,SH,CB,4.2,FALSE
4/26/2021,386,ILYODRILUS,,ANNELIDA,CLITELLATA,HAPLOTAXIDA,TUBIFICIDAE,,,ILYODRILUS,CG,,10,FALSE
4/26/2021,387,ONOCOSMOECUS,,ARTHROPODA,INSECTA,TRICHOPTERA,LIMNEPHILIDAE,,,ONOCOSMOECUS,SH,"CN,SP",4,FALSE
4/26/2021,388,POLYCENTROPUS,,ARTHROPODA,INSECTA,TRICHOPTERA,POLYCENTROPODIDAE,,,POLYCENTROPUS,,,,FALSE
4/26/2021,390,MICROPSECTRA,,ARTHROPODA,INSECTA,DIPTERA,CHIRONOMIDAE,CHIRONOMINAE,TANYTARSINI,MICROPSECTRA,CG,"CB,CN,SP",6,FALSE
4/26/2021,391,PARALEPTOPHLEBIA,,ARTHROPODA,INSECTA,EPHEMEROPTERA,LEPTOPHLEBIIDAE,,,PARALEPTOPHLEBIA,CG,SW,1,FALSE
4/26/2021,392,PSEUDODIAMESA,,ARTHROPODA,INSECTA,DIPTERA,CHIRONOMIDAE,DIAMESINAE,DIAMESINI,PSEUDODIAMESA,CG,SP,7.4,FALSE
4/26/2021,393,SYNORTHOCLADIUS,,ARTHROPODA,INSECTA,DIPTERA,CHIRONOMIDAE,ORTHOCLADIINAE,ORTHOCLADIINI/METRIOCNEMINI,SYNORTHOCLADIUS,CG,,3.1,FALSE
4/26/2021,394,COLYMBETINAE,,ARTHROPODA,INSECTA,COLEOPTERA,DYTISCIDAE,COLYMBETINAE,,,PR,,,FALSE
4/26/2021,395,FOSSARIA,,MOLLUSCA,GASTROPODA,BASOMMATOPHORA,LYMNAEIDAE,LYMNAEINAE,,FOSSARIA,"CG,SC",CB,6,FALSE
4/26/2021,396,HYDROPORUS,,ARTHROPODA,INSECTA,COLEOPTERA,DYTISCIDAE,HYDROPORINAE,HYDROPORINI,HYDROPORUS,PR,SW,5,FALSE
4/26/2021,397,ODONTOMESA,,ARTHROPODA,INSECTA,DIPTERA,CHIRONOMIDAE,PRODIAMESINAE,,ODONTOMESA,CG,SP,5,FALSE
4/26/2021,398,OPISTHOPORA,,ANNELIDA,CLITELLATA,OPISTHOPORA,,,,,,,,FALSE
4/26/2021,399,PHILARCTUS,,ARTHROPODA,INSECTA,TRICHOPTERA,LIMNEPHILIDAE,,,PHILARCTUS,,,,FALSE
4/26/2021,400,SERGENTIA,,ARTHROPODA,INSECTA,DIPTERA,CHIRONOMIDAE,CHIRONOMINAE,CHIRONOMINI,SERGENTIA,,,,FALSE
4/26/2021,401,AGRAYLEA,,ARTHROPODA,INSECTA,TRICHOPTERA,HYDROPTILIDAE,HYDROPTILINAE,HYDROPTILINI,AGRAYLEA,"CF,CG",CB,4,FALSE
4/26/2021,402,HYGROBATIDAE,,ARTHROPODA,ARACHNIDA,TROMBIDIFORMES,HYGROBATIDAE,,,,,,,FALSE
4/26/2021,403,PROTANYPUS,,ARTHROPODA,INSECTA,DIPTERA,CHIRONOMIDAE,DIAMESINAE,PROTANYPINI,PROTANYPUS,,,,FALSE
4/26/2021,404,VEJDOVSKYELLA,,ANNELIDA,CLITELLATA,HAPLOTAXIDA,NAIDIDAE,,,VEJDOVSKYELLA,CG,,,FALSE
4/26/2021,405,STEMPELLINELLA,,ARTHROPODA,INSECTA,DIPTERA,CHIRONOMIDAE,CHIRONOMINAE,TANYTARSINI,STEMPELLINELLA,CG,"CB,CN",2,FALSE
4/26/2021,406,HYDRYPHANTES,,ARTHROPODA,ARACHNIDA,TROMBIDIFORMES,HYDRYPHANTIDAE,,,HYDRYPHANTES,PR,SW,8,FALSE
4/26/2021,407,OPTIOSERVUS,,ARTHROPODA,INSECTA,COLEOPTERA,ELMIDAE,,,OPTIOSERVUS,SC,,4,FALSE
4/26/2021,408,TIPHYS,,ARTHROPODA,ARACHNIDA,TROMBIDIFORMES,PIONIDAE,,,TIPHYS,,,,FALSE
4/26/2021,409,TRICHOPTERA,,ARTHROPODA,INSECTA,TRICHOPTERA,,,,,CG,SP,4,FALSE
4/26/2021,410,GLYPHOPSYCHE,,ARTHROPODA,INSECTA,TRICHOPTERA,LIMNEPHILIDAE,,,GLYPHOPSYCHE,,,,FALSE
4/26/2021,411,HALIPLIDAE,,ARTHROPODA,INSECTA,COLEOPTERA,HALIPLIDAE,,,,PI,CN,7,FALSE
4/26/2021,412,STAGNICOLA,,MOLLUSCA,GASTROPODA,BASOMMATOPHORA,LYMNAEIDAE,LYMNAEINAE,,STAGNICOLA,"CG,SC",CB,7,FALSE
4/26/2021,413,ARCYNOPTERYX,,ARTHROPODA,INSECTA,PLECOPTERA,PERLODIDAE,,,ARCYNOPTERYX,,,,FALSE
4/26/2021,414,PSYCHOGLYPHA,,ARTHROPODA,INSECTA,TRICHOPTERA,LIMNEPHILIDAE,LIMNEPHILINAE,CHILOSTIGMINI,PSYCHOGLYPHA,SH,SP,1,FALSE
4/26/2021,415,DIXELLA,,ARTHROPODA,INSECTA,DIPTERA,DIXIDAE,,,DIXELLA,,,,FALSE
4/26/2021,416,GLOSSIPHONIA,,ANNELIDA,CLITELLATA,RHYNCHOBDELLIDA,GLOSSIPHONIIDAE,,,GLOSSIPHONIA,PR,SP,10,FALSE
4/26/2021,417,RADOTANYPUS,,ARTHROPODA,INSECTA,DIPTERA,CHIRONOMIDAE,TANYPODINAE,MACROPELOPIINI,RADOTANYPUS,,,,FALSE
4/26/2021,418,DIPLOCLADIUS,,ARTHROPODA,INSECTA,DIPTERA,CHIRONOMIDAE,ORTHOCLADIINAE,ORTHOCLADIINI/METRIOCNEMINI,DIPLOCLADIUS,CG,SP,5.2,FALSE
4/26/2021,419,POTTHASTIA,,ARTHROPODA,INSECTA,DIPTERA,CHIRONOMIDAE,DIAMESINAE,DIAMESINI,POTTHASTIA,CG,SP,4.1,FALSE
4/26/2021,420,SANFILIPPODYTES,,ARTHROPODA,INSECTA,COLEOPTERA,DYTISCIDAE,HYDROPORINAE,,SANFILIPPODYTES,,,,FALSE
4/26/2021,421,RHANTUS,,ARTHROPODA,INSECTA,COLEOPTERA,DYTISCIDAE,COLYMBETINAE,,RHANTUS,,,,FALSE
4/26/2021,422,HESPEROPHYLAX,,ARTHROPODA,INSECTA,TRICHOPTERA,LIMNEPHILIDAE,,,HESPEROPHYLAX,SH,"SP,CB",5,FALSE
4/26/2021,423,HETERLIMNIUS,,ARTHROPODA,INSECTA,COLEOPTERA,ELMIDAE,,,HETERLIMNIUS,CG,CN,4,FALSE
4/26/2021,424,BRANCHIOBDELLIDA,,ANNELIDA,CLITELLATA,BRANCHIOBDELLIDA,,,,,CG,,7.5,FALSE
4/26/2021,425,BOYERIA,,ARTHROPODA,INSECTA,ODONATA,AESHNIDAE,,,BOYERIA,PR,CN,5.7,FALSE
4/26/2021,426,LACCOPHILUS,,ARTHROPODA,INSECTA,COLEOPTERA,DYTISCIDAE,LACCOPHILINAE,LACCOPHILINI,LACCOPHILUS,PR,SW,10,FALSE
4/26/2021,427,ELLIPTIO,,MOLLUSCA,BIVALVIA,UNIONOIDA,UNIONIDAE,AMBLEMINAE,,ELLIPTIO,CF,BU,5.9,FALSE
4/26/2021,428,ALBOGLOSSIPHONIA,,ANNELIDA,CLITELLATA,RHYNCHOBDELLIDA,GLOSSIPHONIIDAE,,,ALBOGLOSSIPHONIA,PR,SP,8,FALSE
4/26/2021,429,CELITHEMIS,,ARTHROPODA,INSECTA,ODONATA,LIBELLULIDAE,,,CELITHEMIS,PR,CB,,FALSE
4/26/2021,430,MANAYUNKIA,,ANNELIDA,POLYCHAETA,CANALIPALPATA,SABELLIDAE,,,MANAYUNKIA,,,,FALSE
4/26/2021,431,PHYLOCENTROPUS,,ARTHROPODA,INSECTA,TRICHOPTERA,DIPSEUDOPSIDAE,,,PHYLOCENTROPUS,"CF,CG",CN,5,FALSE
4/26/2021,432,RIPISTES,,ANNELIDA,CLITELLATA,HAPLOTAXIDA,NAIDIDAE,,,RIPISTES,CG,,,FALSE
4/26/2021,433,ZALUTSCHIA,,ARTHROPODA,INSECTA,DIPTERA,CHIRONOMIDAE,ORTHOCLADIINAE,ORTHOCLADIINI/METRIOCNEMINI,ZALUTSCHIA,SH,,2,FALSE
4/26/2021,434,DROMOGOMPHUS,,ARTHROPODA,INSECTA,ODONATA,GOMPHIDAE,,,DROMOGOMPHUS,PR,BU,5.3,FALSE
4/26/2021,435,MOLANNA,,ARTHROPODA,INSECTA,TRICHOPTERA,MOLANNIDAE,,,MOLANNA,SC,SP,3.9,FALSE
4/26/2021,436,STENACRON,,ARTHROPODA,INSECTA,EPHEMEROPTERA,HEPTAGENIIDAE,,,STENACRON,CG,CN,4.4,FALSE
4/26/2021,437,LEPTOCERUS,,ARTHROPODA,INSECTA,TRICHOPTERA,LEPTOCERIDAE,,,LEPTOCERUS,SH,SW,4,FALSE
4/26/2021,438,PACHYDIPLAX,,ARTHROPODA,INSECTA,ODONATA,LIBELLULIDAE,,,PACHYDIPLAX,PR,SP,7.9,FALSE
4/26/2021,439,PROMENETUS,,MOLLUSCA,GASTROPODA,BASOMMATOPHORA,PLANORBIDAE,,,PROMENETUS,"CG,SC",CB,8.5,FALSE
4/26/2021,440,HYPORHYGMA,,ARTHROPODA,INSECTA,DIPTERA,CHIRONOMIDAE,CHIRONOMINAE,CHIRONOMINI,HYPORHYGMA,,BU,,FALSE
4/26/2021,441,DIDYMOPS,,ARTHROPODA,INSECTA,ODONATA,CORDULIIDAE,,,DIDYMOPS,"PR,SH",SP,4,FALSE
4/26/2021,442,EURYLOPHELLA,,ARTHROPODA,INSECTA,EPHEMEROPTERA,EPHEMERELLIDAE,,,EURYLOPHELLA,"CG,PR,SC",CN,2.5,FALSE
4/26/2021,443,LEPTOPHLEBIA,,ARTHROPODA,INSECTA,EPHEMEROPTERA,LEPTOPHLEBIIDAE,,,LEPTOPHLEBIA,CG,SW,4,FALSE
4/26/2021,444,CRANGONYCTIDAE,,ARTHROPODA,MALACOSTRACA,AMPHIPODA,CRANGONYCTIDAE,,,,,,,FALSE
4/26/2021,445,NATARSIA,,ARTHROPODA,INSECTA,DIPTERA,CHIRONOMIDAE,TANYPODINAE,NATARSIINI,NATARSIA,PR,SP,9,FALSE
4/26/2021,446,NEUROCORDULIA,,ARTHROPODA,INSECTA,ODONATA,CORDULIIDAE,,,NEUROCORDULIA,,,,FALSE
4/26/2021,447,CAMPELOMA,,MOLLUSCA,GASTROPODA,ARCHITAENIOGLOSSA,VIVIPARIDAE,,,CAMPELOMA,SC,CB,5.9,FALSE
4/26/2021,448,NYCTIOPHYLAX,,ARTHROPODA,INSECTA,TRICHOPTERA,POLYCENTROPODIDAE,POLYCENTROPODINAE,,NYCTIOPHYLAX,PR,CN,3.8,FALSE
4/26/2021,449,CORYDALIDAE,,ARTHROPODA,INSECTA,MEGALOPTERA,CORYDALIDAE,,,,PR,CN,1.5,FALSE
4/26/2021,450,HYDRACHNA,,ARTHROPODA,ARACHNIDA,TROMBIDIFORMES,HYDRACHNIDAE,,,HYDRACHNA,PR,SW,8,FALSE
4/26/2021,451,PLACOBDELLA,,ANNELIDA,CLITELLATA,RHYNCHOBDELLIDA,GLOSSIPHONIIDAE,GLOSSIPHONIINAE,,PLACOBDELLA,PR,SP,7.6,FALSE
4/26/2021,452,SISYRA,,ARTHROPODA,INSECTA,NEUROPTERA,SISYRIDAE,,,SISYRA,"CF,CG,PI",CB,6.5,FALSE
4/26/2021,453,HELIUS,,ARTHROPODA,INSECTA,DIPTERA,TIPULIDAE,,,HELIUS,CG,"BU,SP",4,FALSE
4/26/2021,454,LADONA,,ARTHROPODA,INSECTA,ODONATA,LIBELLULIDAE,,,LADONA,PR,SP,9,FALSE
4/26/2021,455,GOMPHUS,,ARTHROPODA,INSECTA,ODONATA,GOMPHIDAE,,,GOMPHUS,PR,BU,1.8,FALSE
4/26/2021,456,FORCIPOMYIINAE,,ARTHROPODA,INSECTA,DIPTERA,CERATOPOGONIDAE,FORCIPOMYIINAE,,,"PR, CG",SP,,FALSE
4/26/2021,457,LEUCORRHINIA,,ARTHROPODA,INSECTA,ODONATA,LIBELLULIDAE,,,LEUCORRHINIA,PR,"CB, SP",,FALSE
4/26/2021,458,PARAMETRIOCNEMUS,,ARTHROPODA,INSECTA,DIPTERA,CHIRONOMIDAE,ORTHOCLADIINAE,ORTHOCLADIINI/METRIOCNEMINI,PARAMETRIOCNEMUS,CG,SP,3.9,FALSE
4/26/2021,459,PARAPHAENOCLADIUS,,ARTHROPODA,INSECTA,DIPTERA,CHIRONOMIDAE,ORTHOCLADIINAE,ORTHOCLADIINI/METRIOCNEMINI,PARAPHAENOCLADIUS,CG,SP,5,FALSE
4/26/2021,460,PERICOMA/TELMATOSCOPUS,,ARTHROPODA,INSECTA,DIPTERA,PSYCHODIDAE,,,PERICOMA/TELMATOSCOPUS,,,,FALSE
4/26/2021,461,SCIOMYZIDAE,,ARTHROPODA,INSECTA,DIPTERA,SCIOMYZIDAE,,,,PR,BU,6,FALSE
4/26/2021,462,SUPHIS,,ARTHROPODA,INSECTA,COLEOPTERA,NOTERIDAE,NOTERINAE,,SUPHIS,,CB,,FALSE
4/26/2021,463,DECAPODA,,ARTHROPODA,MALACOSTRACA,DECAPODA,,,,,,,,FALSE
4/26/2021,464,HYDROVATUS,,ARTHROPODA,INSECTA,COLEOPTERA,DYTISCIDAE,HYDROPORINAE,,HYDROVATUS,PR,SW,4,FALSE
4/26/2021,465,NAUCORIDAE,,ARTHROPODA,INSECTA,HEMIPTERA,NAUCORIDAE,,,,PR,CB,5,FALSE
4/26/2021,466,VIVIPARUS,,MOLLUSCA,GASTROPODA,ARCHITAENIOGLOSSA,VIVIPARIDAE,,,VIVIPARUS,SC,CB,1,FALSE
4/26/2021,467,POMACEA,,MOLLUSCA,GASTROPODA,ARCHITAENIOGLOSSA,AMPULLARIIDAE,,,POMACEA,SC,CB,,FALSE
4/26/2021,468,TORRENTICOLA,,ARTHROPODA,ARACHNIDA,TROMBIDIFORMES,TORRENTICOLIDAE,,,TORRENTICOLA,PR,CB,8,FALSE
4/26/2021,469,ASHEUM,,ARTHROPODA,INSECTA,DIPTERA,CHIRONOMIDAE,CHIRONOMINAE,CHIRONOMINI,ASHEUM,,,,FALSE
4/26/2021,470,BEARDIUS,,ARTHROPODA,INSECTA,DIPTERA,CHIRONOMIDAE,CHIRONOMINAE,CHIRONOMINI,BEARDIUS,,BU,,FALSE
4/26/2021,471,DINEUTUS,,ARTHROPODA,INSECTA,COLEOPTERA,GYRINIDAE,,,DINEUTUS,PR,SW,5,FALSE
4/26/2021,472,LIMNESIIDAE,,ARTHROPODA,ARACHNIDA,TROMBIDIFORMES,LIMNESIIDAE,,,,PR,CB,8,FALSE
4/26/2021,473,PHAENONOTUM,,ARTHROPODA,INSECTA,COLEOPTERA,HYDROPHILIDAE,,,PHAENONOTUM,,,,FALSE
4/26/2021,474,AMERICAMYSIS,,ARTHROPODA,MALACOSTRACA,MYSIDACEA,MYSIDAE,,,AMERICAMYSIS,,,,FALSE
4/26/2021,475,RHITHROPANOPEUS,,ARTHROPODA,MALACOSTRACA,DECAPODA,PANOPEIDAE,,,RHITHROPANOPEUS,,,,FALSE
4/26/2021,476,OXYELOPHILA,,ARTHROPODA,INSECTA,LEPIDOPTERA,PYRALIDAE,,,OXYELOPHILA,,,,FALSE
4/26/2021,477,DJALMABATISTA,,ARTHROPODA,INSECTA,DIPTERA,CHIRONOMIDAE,TANYPODINAE,PROCLADIINI,DJALMABATISTA,PR,SP,6.7,FALSE
4/26/2021,478,ANODOCHEILUS,,ARTHROPODA,INSECTA,COLEOPTERA,DYTISCIDAE,HYDROPORINAE,,ANODOCHEILUS,PR,,,FALSE
4/26/2021,479,BIDESSONOTUS,,ARTHROPODA,INSECTA,COLEOPTERA,DYTISCIDAE,HYDROPORINAE,,BIDESSONOTUS,,"SW,CB",,FALSE
4/26/2021,481,COPTOTOMUS,,ARTHROPODA,INSECTA,COLEOPTERA,DYTISCIDAE,COPTOTOMINAE,COPTOTIMINI,COPTOTOMUS,PR,SW,9,FALSE
4/26/2021,482,DESMOPACHRIA,,ARTHROPODA,INSECTA,COLEOPTERA,DYTISCIDAE,HYDROPORINAE,,DESMOPACHRIA,PR,SW,4,FALSE
4/26/2021,483,GYRINUS,,ARTHROPODA,INSECTA,COLEOPTERA,GYRINIDAE,,,GYRINUS,PR,,5,FALSE
4/26/2021,484,CYRNELLUS,,ARTHROPODA,INSECTA,TRICHOPTERA,POLYCENTROPODIDAE,,,CYRNELLUS,"CF,PR",CN,5.5,FALSE
4/26/2021,485,RHEOTANYTARSUS,,ARTHROPODA,INSECTA,DIPTERA,CHIRONOMIDAE,CHIRONOMINAE,TANYTARSINI,RHEOTANYTARSUS,CF,CN,6,FALSE
4/26/2021,486,PELOCORIS,,ARTHROPODA,INSECTA,HEMIPTERA,NAUCORIDAE,NAUCORINAE,,PELOCORIS,PR,CB,,FALSE
4/26/2021,487,DEROTANYPUS,,ARTHROPODA,INSECTA,DIPTERA,CHIRONOMIDAE,TANYPODINAE,MACROPELOPIINI,DEROTANYPUS,,,,FALSE
4/26/2021,488,ERIOPTERA,,ARTHROPODA,INSECTA,DIPTERA,TIPULIDAE,LIMONIINAE,ERIOPTERINI,ERIOPTERA,CG,"BU,SP",5.5,FALSE
4/26/2021,489,DEMICRYPTOCHIRONOMUS,,ARTHROPODA,INSECTA,DIPTERA,CHIRONOMIDAE,CHIRONOMINAE,CHIRONOMINI,DEMICRYPTOCHIRONOMUS,CG,BU,6,FALSE
4/26/2021,490,SISYRIDAE,,ARTHROPODA,INSECTA,NEUROPTERA,SISYRIDAE,,,,PR,"CB,CN,BU",,FALSE
4/26/2021,491,SPIROSPERMA,,ANNELIDA,CLITELLATA,HAPLOTAXIDA,TUBIFICIDAE,,,SPIROSPERMA,CG,CN,8.8,FALSE
4/26/2021,492,BALANUS,,ARTHROPODA,MAXILLOPODA,SESSILIA,BALANIDAE,,,BALANUS,CF,,,FALSE
4/26/2021,493,CAPITELLA,,ANNELIDA,POLYCHAETA,,CAPITELLIDAE,,,CAPITELLA,,,,FALSE
4/26/2021,494,CASSIDINIDEA,,ARTHROPODA,MALACOSTRACA,ISOPODA,SPHAEROMATIDAE,,,CASSIDINIDEA,,SP,,FALSE
4/26/2021,495,EUNICIDAE,,ANNELIDA,POLYCHAETA,ACICULATA,EUNICIDAE,,,,,,,FALSE
4/26/2021,496,FICOPOMATUS,,ANNELIDA,POLYCHAETA,CANALIPALPATA,SERPULIDAE,,,FICOPOMATUS,,,,FALSE
4/26/2021,497,GEMMA,,MOLLUSCA,BIVALVIA,VENEROIDA,VENERIDAE,,,GEMMA,,,,FALSE
4/26/2021,498,HYDROIDES,,ANNELIDA,POLYCHAETA,CANALIPALPATA,SERPULIDAE,,,HYDROIDES,,,,FALSE
4/26/2021,499,LEPTOCHELIA,,ARTHROPODA,MALACOSTRACA,TANAIDACEA,LEPTOCHELIIDAE,,,LEPTOCHELIA,,,,FALSE
4/26/2021,500,MONOCOROPHIUM,,ARTHROPODA,MALACOSTRACA,AMPHIPODA,COROPHIIDAE,,,MONOCOROPHIUM,,,,FALSE
4/26/2021,501,NEANTHES,,ANNELIDA,POLYCHAETA,ACICULATA,NEREIDIDAE,,,NEANTHES,,,,FALSE
4/26/2021,502,ODOSTOMIA,,MOLLUSCA,GASTROPODA,HETEROSTROPHA,PYRAMIDELLIDAE,,,ODOSTOMIA,,,,FALSE
4/26/2021,503,POLYDORA,,ANNELIDA,POLYCHAETA,CANALIPALPATA,SPIONIDAE,,,POLYDORA,,,,FALSE
4/26/2021,504,PROBOPYRUS,,ARTHROPODA,MALACOSTRACA,ISOPODA,BOPYRIDAE,,,PROBOPYRUS,,,,FALSE
4/26/2021,505,SPIOCHAETOPTERUS,,ANNELIDA,POLYCHAETA,CANALIPALPATA,CHAETOPTERIDAE,,,SPIOCHAETOPTERUS,,,,FALSE
4/26/2021,506,STENOTHOIDAE,,ARTHROPODA,MALACOSTRACA,AMPHIPODA,STENOTHOIDAE,,,,,,,FALSE
4/26/2021,507,STREBLOSPIO,,ANNELIDA,POLYCHAETA,CANALIPALPATA,SPIONIDAE,,,STREBLOSPIO,,,,FALSE
4/26/2021,508,CENTROLIMNESIA,,ARTHROPODA,ARACHNIDA,TROMBIDIFORMES,LIMNESIIDAE,,,CENTROLIMNESIA,PR,,,FALSE
4/26/2021,509,CYBISTER,,ARTHROPODA,INSECTA,COLEOPTERA,DYTISCIDAE,DYTISCINAE,CYBISTRINI,CYBISTER,PR,"SW,DV",,FALSE
4/26/2021,510,PARALAUTERBORNIELLA,,ARTHROPODA,INSECTA,DIPTERA,CHIRONOMIDAE,CHIRONOMINAE,CHIRONOMINI,PARALAUTERBORNIELLA,CG,BU,5.6,FALSE
4/26/2021,511,POTAMOTHRIX,,ANNELIDA,CLITELLATA,HAPLOTAXIDA,TUBIFICIDAE,,,POTAMOTHRIX,CG,,,FALSE
4/26/2021,512,CAENIDAE,,ARTHROPODA,INSECTA,EPHEMEROPTERA,CAENIDAE,,,,CG,,7,FALSE
4/26/2021,513,ARMIGER,,MOLLUSCA,GASTROPODA,BASOMMATOPHORA,PLANORBIDAE,,,ARMIGER,SC,CB,,FALSE
4/26/2021,514,PLEIDAE,,ARTHROPODA,INSECTA,HEMIPTERA,PLEIDAE,,,,PR,SW,,FALSE
4/26/2021,515,CIPANGOPALUDINA,,MOLLUSCA,GASTROPODA,ARCHITAENIOGLOSSA,VIVIPARIDAE,,,CIPANGOPALUDINA,SC,,,FALSE
4/26/2021,516,DYTISCUS,,ARTHROPODA,INSECTA,COLEOPTERA,DYTISCIDAE,DYTISCINAE,,DYTISCUS,PR,"SW,DV",5,FALSE
4/26/2021,517,LESTES,,ARTHROPODA,INSECTA,ODONATA,LESTIDAE,,,LESTES,PR,CB,9,FALSE
4/26/2021,518,MOLOPHILUS,,ARTHROPODA,INSECTA,DIPTERA,TIPULIDAE,,,MOLOPHILUS,SH,BU,4,FALSE
4/26/2021,519,PSEUDOSMITTIA,,ARTHROPODA,INSECTA,DIPTERA,CHIRONOMIDAE,ORTHOCLADIINAE,ORTHOCLADIINI/METRIOCNEMINI,PSEUDOSMITTIA,CG,SP,4,FALSE
4/26/2021,520,HYDROCHOREUTES,,ARTHROPODA,ARACHNIDA,TROMBIDIFORMES,PIONIDAE,,,HYDROCHOREUTES,,,,FALSE
4/26/2021,521,CONSTEMPELLINA,,ARTHROPODA,INSECTA,DIPTERA,CHIRONOMIDAE,CHIRONOMINAE,TANYTARSINI,CONSTEMPELLINA,CG,CB,7.5,FALSE
4/26/2021,522,EPHEMERELLA,,ARTHROPODA,INSECTA,EPHEMEROPTERA,EPHEMERELLIDAE,,,EPHEMERELLA,,,,FALSE
4/26/2021,523,RHYACODRILUS,,ANNELIDA,CLITELLATA,HAPLOTAXIDA,TUBIFICIDAE,,,RHYACODRILUS,CG,,10,FALSE
4/26/2021,524,CYMBIODYTA,,ARTHROPODA,INSECTA,COLEOPTERA,HYDROPHILIDAE,,,CYMBIODYTA,,,,FALSE
4/26/2021,525,TASSERKIDRILUS,,ANNELIDA,CLITELLATA,HAPLOTAXIDA,TUBIFICIDAE,,,TASSERKIDRILUS,,,,FALSE
4/26/2021,526,PSECTROTANYPUS,,ARTHROPODA,INSECTA,DIPTERA,CHIRONOMIDAE,TANYPODINAE,MACROPELOPIINI,PSECTROTANYPUS,PR,SP,8,FALSE
4/26/2021,527,SIMULIUM,,ARTHROPODA,INSECTA,DIPTERA,SIMULIIDAE,SIMULIINAE,SIMULIINI,SIMULIUM,CF,CN,5.7,FALSE
4/26/2021,528,PAGASTIA,,ARTHROPODA,INSECTA,DIPTERA,CHIRONOMIDAE,DIAMESINAE,DIAMESINI,PAGASTIA,CG,,1.5,FALSE
4/26/2021,529,RHEOCRICOTOPUS,,ARTHROPODA,INSECTA,DIPTERA,CHIRONOMIDAE,ORTHOCLADIINAE,,RHEOCRICOTOPUS,CG,SP,5.3,FALSE
4/26/2021,530,EYLAIS,,ARTHROPODA,ARACHNIDA,TROMBIDIFORMES,EYLAIDAE,,,EYLAIS,PR,SW,8,FALSE
4/26/2021,531,ILYBIUS,,ARTHROPODA,INSECTA,COLEOPTERA,DYTISCIDAE,COLYMBETINAE,,ILYBIUS,,,,FALSE
4/26/2021,532,AGABUS,,ARTHROPODA,INSECTA,COLEOPTERA,DYTISCIDAE,AGABINAE,AGABINI,AGABUS,PR,SW,6.5,FALSE
4/26/2021,533,MUSCIDAE,,ARTHROPODA,INSECTA,DIPTERA,MUSCIDAE,,,,PR,SP,5.9,FALSE
4/26/2021,534,PHRYGANEA,,ARTHROPODA,INSECTA,TRICHOPTERA,PHRYGANEIDAE,PHRYGANEINAE,,PHRYGANEA,,CB,,FALSE
4/26/2021,535,OMISUS,,ARTHROPODA,INSECTA,DIPTERA,CHIRONOMIDAE,CHIRONOMINAE,CHIRONOMINI,OMISUS,,,,FALSE
4/26/2021,536,CINYGMA,,ARTHROPODA,INSECTA,EPHEMEROPTERA,HEPTAGENIIDAE,,,CINYGMA,,,,FALSE
4/26/2021,537,DESMONA,,ARTHROPODA,INSECTA,TRICHOPTERA,LIMNEPHILIDAE,,,DESMONA,SH,,1,FALSE
4/26/2021,538,AMELETUS,,ARTHROPODA,INSECTA,EPHEMEROPTERA,AMELETIDAE,,,AMELETUS,"CG,SC,SH",SW,1,FALSE
4/26/2021,539,EUKIEFFERIELLA,,ARTHROPODA,INSECTA,DIPTERA,CHIRONOMIDAE,ORTHOCLADIINAE,ORTHOCLADIINI/METRIOCNEMINI,EUKIEFFERIELLA,CG,SP,6.3,FALSE
4/26/2021,540,HYDROPSYCHE,,ARTHROPODA,INSECTA,TRICHOPTERA,HYDROPSYCHIDAE,HYDROPSYCHINAE,,HYDROPSYCHE,"CF,PR",CN,3,FALSE
4/26/2021,541,HYDROPSYCHIDAE,,ARTHROPODA,INSECTA,TRICHOPTERA,HYDROPSYCHIDAE,,,,CF,CN,3.4,FALSE
4/26/2021,542,SWELTSA,,ARTHROPODA,INSECTA,PLECOPTERA,CHLOROPERLIDAE,,,SWELTSA,,,,FALSE
4/26/2021,543,PACIFASTACUS,,ARTHROPODA,MALACOSTRACA,DECAPODA,ASTACIDAE,,,PACIFASTACUS,,SP,6.2,FALSE
4/26/2021,544,EPHEMERELLIDAE,,ARTHROPODA,INSECTA,EPHEMEROPTERA,EPHEMERELLIDAE,,,,CG,CN,1.4,FALSE
4/26/2021,545,PERLODIDAE,,ARTHROPODA,INSECTA,PLECOPTERA,PERLODIDAE,,,,PR,"CN,SP",2,FALSE
4/26/2021,546,AGRYPNIA,,ARTHROPODA,INSECTA,TRICHOPTERA,PHRYGANEIDAE,PHRYGANEINAE,,AGRYPNIA,SH,CB,,FALSE
4/26/2021,547,DREISSENA,,MOLLUSCA,BIVALVIA,VENEROIDA,DREISSENIDAE,,,DREISSENA,CF,,,FALSE
4/26/2021,548,CLOEON,,ARTHROPODA,INSECTA,EPHEMEROPTERA,BAETIDAE,,,CLOEON,SH,"SW,CN",,FALSE
4/26/2021,549,WAYNOKIOPS,,ARTHROPODA,INSECTA,EPHEMEROPTERA,BAETIDAE,,,WAYNOKIOPS,,,,FALSE
4/26/2021,550,GEAYIA,,ARTHROPODA,ARACHNIDA,TROMBIDIFORMES,KRENDOWSKIIDAE,,,GEAYIA,,,,FALSE
4/26/2021,551,UNIONICOLIDAE,,ARTHROPODA,ARACHNIDA,TROMBIDIFORMES,UNIONICOLIDAE,,,,PR,CB,8,FALSE
4/26/2021,552,GONIOBASIS,,MOLLUSCA,GASTROPODA,NEOTAENIOGLOSSA,PLEUROCERIDAE,,,GONIOBASIS,SC,,,FALSE
4/26/2021,553,CLIMACIA,,ARTHROPODA,INSECTA,NEUROPTERA,SISYRIDAE,,,CLIMACIA,PR,CB,8.4,FALSE
4/26/2021,554,SPECARIA,,ANNELIDA,CLITELLATA,HAPLOTAXIDA,NAIDIDAE,,,SPECARIA,CG,BU,6.1,FALSE
4/26/2021,555,EPHYDRA,,ARTHROPODA,INSECTA,DIPTERA,EPHYDRIDAE,,,EPHYDRA,,,,FALSE
4/26/2021,557,AGARODES,,ARTHROPODA,INSECTA,TRICHOPTERA,SERICOSTOMATIDAE,,,AGARODES,SH,SP,1.5,FALSE
4/26/2021,558,MIDEA,,ARTHROPODA,ARACHNIDA,TROMBIDIFORMES,MIDEIDAE,,,MIDEA,PR,,,FALSE
4/26/2021,559,WETTINA,,ARTHROPODA,ARACHNIDA,TROMBIDIFORMES,WETTINIDAE,,,WETTINA,PR,CB,8,FALSE
4/26/2021,560,CHRYSOMELIDAE,,ARTHROPODA,INSECTA,COLEOPTERA,CHRYSOMELIDAE,,,,,,,FALSE
4/26/2021,561,EPHEMERIDAE,,ARTHROPODA,INSECTA,EPHEMEROPTERA,EPHEMERIDAE,,,,CG,BU,4.7,FALSE
4/26/2021,562,AXARUS,,ARTHROPODA,INSECTA,DIPTERA,CHIRONOMIDAE,CHIRONOMINAE,CHIRONOMINI,AXARUS,CG,SP,2,FALSE
4/26/2021,563,PYCNOPSYCHE,,ARTHROPODA,INSECTA,TRICHOPTERA,LIMNEPHILIDAE,LIMNEPHILINAE,STENOPHYLACINI,PYCNOPSYCHE,SH,SP,2.5,FALSE
4/26/2021,564,STELECHOMYIA,,ARTHROPODA,INSECTA,DIPTERA,CHIRONOMIDAE,CHIRONOMINAE,CHIRONOMINI,STELECHOMYIA,CG,BU,4.6,FALSE
4/26/2021,565,FITTKAUIMYIA,,ARTHROPODA,INSECTA,DIPTERA,CHIRONOMIDAE,TANYPODINAE,MACROPELOPIINI,FITTKAUIMYIA,,"SP,BU",,FALSE
4/26/2021,566,BELOSTOMA,,ARTHROPODA,INSECTA,HEMIPTERA,BELOSTOMATIDAE,BELOSTOMATINAE,,BELOSTOMA,PR,CB,10,FALSE
4/26/2021,567,ARIGOMPHUS,,ARTHROPODA,INSECTA,ODONATA,GOMPHIDAE,,,ARIGOMPHUS,"CF,CG,PR",BU,1,FALSE
4/26/2021,568,NEMATODA,,NEMATODA,,,,,,,,,,FALSE
4/26/2021,569,APOCOROPHIUM,,ARTHROPODA,MALACOSTRACA,AMPHIPODA,COROPHIIDAE,,,APOCOROPHIUM,,,,FALSE
4/26/2021,570,HOBSONIA,,ANNELIDA,POLYCHAETA,CANALIPALPATA,AMPHARETIDAE,,,HOBSONIA,,,,FALSE
4/26/2021,571,COROPHIIDAE,,ARTHROPODA,MALACOSTRACA,AMPHIPODA,COROPHIIDAE,,,,,,,FALSE
4/26/2021,572,ARGULUS,,ARTHROPODA,MAXILLOPODA,ARGULOIDA,ARGULIDAE,,,ARGULUS,PA,,,FALSE
4/26/2021,573,HAGENIUS,,ARTHROPODA,INSECTA,ODONATA,GOMPHIDAE,,,HAGENIUS,PR,SP,3.1,FALSE
4/26/2021,574,ISOPODA,,ARTHROPODA,MALACOSTRACA,ISOPODA,,,,,,,,FALSE
4/26/2021,575,NEMOTAULIUS,,ARTHROPODA,INSECTA,TRICHOPTERA,LIMNEPHILIDAE,,,NEMOTAULIUS,,,,FALSE
4/26/2021,576,DIPSEUDOPSIDAE,,ARTHROPODA,INSECTA,TRICHOPTERA,DIPSEUDOPSIDAE,,,,,,,FALSE
4/26/2021,577,HETEROTANYTARSUS,,ARTHROPODA,INSECTA,DIPTERA,CHIRONOMIDAE,ORTHOCLADIINAE,ORTHOCLADIINI/METRIOCNEMINI,HETEROTANYTARSUS,,,,FALSE
4/26/2021,579,EOPARARGYRACTIS,,ARTHROPODA,INSECTA,LEPIDOPTERA,PYRALIDAE,,,EOPARARGYRACTIS,SH,CB,5,FALSE
4/26/2021,580,BANKSIOLA,,ARTHROPODA,INSECTA,TRICHOPTERA,PHRYGANEIDAE,,,BANKSIOLA,,,,FALSE
4/26/2021,581,HIRUDINIDAE,,ANNELIDA,CLITELLATA,ARHYNCHOBDELLIDA,HIRUDINIDAE,,,,,,,FALSE
4/26/2021,582,MACROBDELLA,,ANNELIDA,CLITELLATA,ARHYNCHOBDELLIDA,HIRUDINIDAE,MACROBDELLINAE,,MACROBDELLA,,,,FALSE
4/26/2021,583,DENTATELLA,,ARTHROPODA,INSECTA,EPHEMEROPTERA,EPHEMERELLIDAE,,,DENTATELLA,,,,FALSE
4/26/2021,584,HAEMOPIS,,ANNELIDA,CLITELLATA,ARHYNCHOBDELLIDA,HAEMOPIDAE,,,HAEMOPIS,,,,FALSE
4/26/2021,585,ACAMPTOCLADIUS,,ARTHROPODA,INSECTA,DIPTERA,CHIRONOMIDAE,ORTHOCLADIINAE,,ACAMPTOCLADIUS,CG,"BU,SP",,FALSE
4/26/2021,586,HELICOPSYCHE,,ARTHROPODA,INSECTA,TRICHOPTERA,HELICOPSYCHIDAE,,,HELICOPSYCHE,PR,CN,2.8,FALSE
4/26/2021,587,PSEPHENUS,,ARTHROPODA,INSECTA,COLEOPTERA,PSEPHENIDAE,PSEPHENINAE,,PSEPHENUS,SC,CN,4.1,FALSE
4/26/2021,588,XYLOTOPUS,,ARTHROPODA,INSECTA,DIPTERA,CHIRONOMIDAE,ORTHOCLADIINAE,ORTHOCLADIINI/METRIOCNEMINI,XYLOTOPUS,SH,BU,4,FALSE
4/26/2021,589,PYGANODON,,MOLLUSCA,BIVALVIA,UNIONOIDA,UNIONIDAE,,,PYGANODON,,,,FALSE
4/26/2021,590,EPHEMERA,,ARTHROPODA,INSECTA,EPHEMEROPTERA,EPHEMERIDAE,,,EPHEMERA,CG,BU,3.1,FALSE
4/26/2021,591,EMPIDIDAE,,ARTHROPODA,INSECTA,DIPTERA,EMPIDIDAE,,,,PR,SP,6.1,FALSE
4/26/2021,592,SETODES,,ARTHROPODA,INSECTA,TRICHOPTERA,LEPTOCERIDAE,,,SETODES,,,,FALSE
4/26/2021,593,MACCAFFERTIUM,,ARTHROPODA,INSECTA,EPHEMEROPTERA,HEPTAGENIIDAE,,,MACCAFFERTIUM,,,,FALSE
4/26/2021,594,NEOSTEMPELLINA,,ARTHROPODA,INSECTA,DIPTERA,CHIRONOMIDAE,CHIRONOMINAE,TANYTARSINI,NEOSTEMPELLINA,,,,FALSE
4/26/2021,595,CHAULIODES,,ARTHROPODA,INSECTA,MEGALOPTERA,CORYDALIDAE,CHAULIODINAE,,CHAULIODES,,,,FALSE
4/26/2021,596,PARACLOEODES,,ARTHROPODA,INSECTA,EPHEMEROPTERA,BAETIDAE,,,PARACLOEODES,"SC,SH",SW,5,FALSE
4/26/2021,597,UNNIELLA,,ARTHROPODA,INSECTA,DIPTERA,CHIRONOMIDAE,ORTHOCLADIINAE,,UNNIELLA,CG,BU,4,FALSE
4/26/2021,598,ACERPENNA,,ARTHROPODA,INSECTA,EPHEMEROPTERA,BAETIDAE,,,ACERPENNA,SH,"SW,CN",4,FALSE
4/26/2021,599,CHEUMATOPSYCHE,,ARTHROPODA,INSECTA,TRICHOPTERA,HYDROPSYCHIDAE,HYDROPSYCHINAE,,CHEUMATOPSYCHE,CF,CN,5.5,FALSE
4/26/2021,600,PENTANEURA,,ARTHROPODA,INSECTA,DIPTERA,CHIRONOMIDAE,TANYPODINAE,PENTANEURINI,PENTANEURA,PR,SP,5.6,FALSE
4/26/2021,601,TRICORYTHODES,,ARTHROPODA,INSECTA,EPHEMEROPTERA,LEPTOHYPHIDAE,,,TRICORYTHODES,"CG,SH",SP,4,FALSE
4/26/2021,602,PLANORBULA,,MOLLUSCA,GASTROPODA,BASOMMATOPHORA,PLANORBIDAE,,,PLANORBULA,SC,CB,,FALSE
4/26/2021,603,ACTINOBDELLA,,ANNELIDA,CLITELLATA,RHYNCHOBDELLIDA,GLOSSIPHONIIDAE,,,ACTINOBDELLA,,,,FALSE
4/26/2021,604,STRATIOMYS,,ARTHROPODA,INSECTA,DIPTERA,STRATIOMYIDAE,,,STRATIOMYS,CG,SP,,FALSE
4/26/2021,605,ACRICOTOPUS,,ARTHROPODA,INSECTA,DIPTERA,CHIRONOMIDAE,ORTHOCLADIINAE,,ACRICOTOPUS,,SP,,FALSE
4/26/2021,606,ECDYONURUS,,ARTHROPODA,INSECTA,EPHEMEROPTERA,HEPTAGENIIDAE,,,ECDYONURUS,SC,CN,,FALSE
4/26/2021,607,OCHTHEBIUS,,ARTHROPODA,INSECTA,COLEOPTERA,HYDRAENIDAE,,,OCHTHEBIUS,,,,FALSE
4/26/2021,608,SIPHLONURIDAE,,ARTHROPODA,INSECTA,EPHEMEROPTERA,SIPHLONURIDAE,,,,,,,FALSE
4/26/2021,609,LACCOBIUS,,ARTHROPODA,INSECTA,COLEOPTERA,HYDROPHILIDAE,HYDROPHILINAE,LACCOBIINI,LACCOBIUS,PI,CN,7,FALSE
4/26/2021,610,ARTEMIA,,ARTHROPODA,BRANCHIOPODA,ANOSTRACA,ARTEMIIDAE,,,ARTEMIA,,,,FALSE
4/26/2021,611,CHAETOCLADIUS,,ARTHROPODA,INSECTA,DIPTERA,CHIRONOMIDAE,ORTHOCLADIINAE,ORTHOCLADIINI/METRIOCNEMINI,CHAETOCLADIUS,CG,SP,2.2,FALSE
4/26/2021,612,STYLODRILUS,,ANNELIDA,CLITELLATA,LUMBRICULIDA,LUMBRICULIDAE,,,STYLODRILUS,,,,FALSE
4/26/2021,613,GYMNOMETRIOCNEMUS,,ARTHROPODA,INSECTA,DIPTERA,CHIRONOMIDAE,ORTHOCLADIINAE,ORTHOCLADIINI/METRIOCNEMINI,GYMNOMETRIOCNEMUS,CG,SP,7,FALSE
4/26/2021,614,FORCIPOMYIA,,ARTHROPODA,INSECTA,DIPTERA,CERATOPOGONIDAE,FORCIPOMYIINAE,,FORCIPOMYIA,SC,BU,4.4,FALSE
4/26/2021,615,GAMMARIDAE,,ARTHROPODA,MALACOSTRACA,AMPHIPODA,GAMMARIDAE,,,,,,,FALSE
4/26/2021,616,CHAOBORIDAE,,ARTHROPODA,INSECTA,DIPTERA,CHAOBORIDAE,,,,PR,SP,7.3,FALSE
4/26/2021,617,PSYCHODIDAE,,ARTHROPODA,INSECTA,DIPTERA,PSYCHODIDAE,,,,CG,BU,,FALSE
4/26/2021,618,LEUCROCUTA,,ARTHROPODA,INSECTA,EPHEMEROPTERA,HEPTAGENIIDAE,,,LEUCROCUTA,SC,CN,2.6,FALSE
4/26/2021,619,NIGRONIA,,ARTHROPODA,INSECTA,MEGALOPTERA,CORYDALIDAE,CHAULIODINAE,,NIGRONIA,PR,CN,2.8,FALSE
4/26/2021,620,CALOPTERYX,,ARTHROPODA,INSECTA,ODONATA,CALOPTERYGIDAE,,,CALOPTERYX,PR,CB,6,FALSE
4/26/2021,621,MATUS,,ARTHROPODA,INSECTA,COLEOPTERA,DYTISCIDAE,MATINAE,MATINI,MATUS,PR,"SW,DV",,FALSE
4/26/2021,622,VIVIPARIDAE,,MOLLUSCA,GASTROPODA,ARCHITAENIOGLOSSA,VIVIPARIDAE,,,,,,,FALSE
4/26/2021,623,GRAPHODERUS,,ARTHROPODA,INSECTA,COLEOPTERA,DYTISCIDAE,,,GRAPHODERUS,PR,SW,,FALSE
4/26/2021,624,CYPHOMELLA,,ARTHROPODA,INSECTA,DIPTERA,CHIRONOMIDAE,CHIRONOMINAE,CHIRONOMINI,CYPHOMELLA,,,,FALSE
4/26/2021,625,METRIOCNEMUS,,ARTHROPODA,INSECTA,DIPTERA,CHIRONOMIDAE,ORTHOCLADIINAE,ORTHOCLADIINI/METRIOCNEMINI,METRIOCNEMUS,CG,SP,7,FALSE
4/26/2021,626,BAETIS,,ARTHROPODA,INSECTA,EPHEMEROPTERA,BAETIDAE,,,BAETIS,CG,BU,3,FALSE
4/26/2021,627,PARACLADIUS,,ARTHROPODA,INSECTA,DIPTERA,CHIRONOMIDAE,ORTHOCLADIINAE,ORTHOCLADIINI/METRIOCNEMINI,PARACLADIUS,CG,SP,,FALSE
4/26/2021,628,NEOPERLA,,ARTHROPODA,INSECTA,PLECOPTERA,PERLIDAE,,,NEOPERLA,PR,CN,2,FALSE
4/26/2021,629,PERLINELLA,,ARTHROPODA,INSECTA,PLECOPTERA,PERLIDAE,,,PERLINELLA,PR,,,FALSE
4/26/2021,630,LEUCTRA,,ARTHROPODA,INSECTA,PLECOPTERA,LEUCTRIDAE,,,LEUCTRA,,,,FALSE
4/26/2021,631,STILOBEZZIA,,ARTHROPODA,INSECTA,DIPTERA,CERATOPOGONIDAE,CERATOPOGONINAE,,STILOBEZZIA,"PR,CG","SP,BU,PK",6,FALSE
4/26/2021,632,STYGOBROMUS,,ARTHROPODA,MALACOSTRACA,AMPHIPODA,CRANGONYCTIDAE,,,STYGOBROMUS,,,,FALSE
4/26/2021,633,THERMONECTUS,,ARTHROPODA,INSECTA,COLEOPTERA,DYTISCIDAE,DYTISCINAE,,THERMONECTUS,PR,"SW,CB",,FALSE
4/26/2021,634,APSECTROTANYPUS,,ARTHROPODA,INSECTA,DIPTERA,CHIRONOMIDAE,TANYPODINAE,MACROPELOPIINI,APSECTROTANYPUS,PR,BU,1.3,FALSE
4/26/2021,635,LACCORNIS,,ARTHROPODA,INSECTA,COLEOPTERA,DYTISCIDAE,HYDROPORINAE,,LACCORNIS,,"SW,CB",,FALSE
4/26/2021,636,LESTIDAE,,ARTHROPODA,INSECTA,ODONATA,LESTIDAE,,,,PR,CB,9,FALSE
4/26/2021,637,AMPHICOSMOECUS,,ARTHROPODA,INSECTA,TRICHOPTERA,LIMNEPHILIDAE,,,AMPHICOSMOECUS,SH,SP,4,FALSE
4/26/2021,638,HALESOCHILA,,ARTHROPODA,INSECTA,TRICHOPTERA,LIMNEPHILIDAE,,,HALESOCHILA,,,,FALSE
4/26/2021,639,PEDICIA,,ARTHROPODA,INSECTA,DIPTERA,TIPULIDAE,,,PEDICIA,PR,BU,6,FALSE
4/26/2021,640,ORMOSIA,,ARTHROPODA,INSECTA,DIPTERA,TIPULIDAE,,,ORMOSIA,CG,BU,6.5,FALSE
4/26/2021,641,EPOICOCLADIUS,,ARTHROPODA,INSECTA,DIPTERA,CHIRONOMIDAE,ORTHOCLADIINAE,,EPOICOCLADIUS,,,,FALSE
4/26/2021,643,RAMELLOGAMMARUS,,ARTHROPODA,MALACOSTRACA,AMPHIPODA,ANISOGAMMARIDAE,,,RAMELLOGAMMARUS,,,,FALSE
4/26/2021,644,SUBLETTEA,,ARTHROPODA,INSECTA,DIPTERA,CHIRONOMIDAE,CHIRONOMINAE,TANYTARSINI,SUBLETTEA,CF,,6,FALSE
4/26/2021,645,CORDULIA,,ARTHROPODA,INSECTA,ODONATA,CORDULIIDAE,CORDULIINAE,,CORDULIA,PR,"CB, SP",,FALSE
4/26/2021,646,SYRPHIDAE,,ARTHROPODA,INSECTA,DIPTERA,SYRPHIDAE,,,,,,,FALSE
4/26/2021,647,CALINEURIA,,ARTHROPODA,INSECTA,PLECOPTERA,PERLIDAE,,,CALINEURIA,PR,CN,3,FALSE
4/26/2021,648,MALENKA,,ARTHROPODA,INSECTA,PLECOPTERA,NEMOURIDAE,,,MALENKA,SH,SP,,FALSE
4/26/2021,649,JUGA,,MOLLUSCA,GASTROPODA,NEOTAENIOGLOSSA,PLEUROCERIDAE,,,JUGA,,,,FALSE
4/26/2021,650,PTILOSTOMIS,,ARTHROPODA,INSECTA,TRICHOPTERA,PHRYGANEIDAE,PHRYGANEINAE,,PTILOSTOMIS,SH,CN,4,FALSE
4/26/2021,651,BRILLIA,,ARTHROPODA,INSECTA,DIPTERA,CHIRONOMIDAE,ORTHOCLADIINAE,ORTHOCLADIINI/METRIOCNEMINI,BRILLIA,SH,BU,4.6,FALSE
4/26/2021,652,CHLOROPERLIDAE,,ARTHROPODA,INSECTA,PLECOPTERA,CHLOROPERLIDAE,,,,PR,CN,1.1,FALSE
4/26/2021,653,GRAMMOTAULIUS,,ARTHROPODA,INSECTA,TRICHOPTERA,LIMNEPHILIDAE,,,GRAMMOTAULIUS,,,,FALSE
4/26/2021,654,SPERCHON,,ARTHROPODA,ARACHNIDA,TROMBIDIFORMES,SPERCHONTIDAE,,,SPERCHON,PR,CB,8,FALSE
4/26/2021,655,ANODONTA,,MOLLUSCA,BIVALVIA,UNIONOIDA,UNIONIDAE,UNIONINAE,,ANODONTA,CF,BU,8,FALSE
4/26/2021,656,TYRRELLIA,,ARTHROPODA,ARACHNIDA,TROMBIDIFORMES,LIMNESIIDAE,,,TYRRELLIA,PR,,8,FALSE
4/26/2021,657,HEBETANCYLUS,,MOLLUSCA,GASTROPODA,BASOMMATOPHORA,ANCYLIDAE,,,HEBETANCYLUS,SC,,,FALSE
4/26/2021,658,STEPHENSONIANA,,ANNELIDA,CLITELLATA,HAPLOTAXIDA,NAIDIDAE,,,STEPHENSONIANA,,,,FALSE
4/26/2021,659,NO_MACROINVERTEBRATES_IN_SAMPLE,,,,,,,,,,,,FALSE
4/26/2021,660,BRANCHIODRILUS,,ANNELIDA,CLITELLATA,HAPLOTAXIDA,NAIDIDAE,,,BRANCHIODRILUS,,,,FALSE
4/26/2021,661,TUBIFEX,,ANNELIDA,CLITELLATA,HAPLOTAXIDA,TUBIFICIDAE,,,TUBIFEX,CG,,,FALSE
4/26/2021,662,SYNENDOTENDIPES,,ARTHROPODA,INSECTA,DIPTERA,CHIRONOMIDAE,CHIRONOMINAE,CHIRONOMINI,SYNENDOTENDIPES,,,,FALSE
4/26/2021,663,PARANAIS,,ANNELIDA,CLITELLATA,HAPLOTAXIDA,NAIDIDAE,,,PARANAIS,CG,,,FALSE
4/26/2021,664,BILYJOMYIA,,ARTHROPODA,INSECTA,DIPTERA,CHIRONOMIDAE,TANYPODINAE,PENTANEURINI,BILYJOMYIA,,,,FALSE
4/26/2021,665,CALOPARYPHUS/EUPARYPHUS,,ARTHROPODA,INSECTA,DIPTERA,STRATIOMYIDAE,,,CALOPARYPHUS/EUPARYPHUS,,,,FALSE
4/26/2021,666,CHIMARRA,,ARTHROPODA,INSECTA,TRICHOPTERA,PHILOPOTAMIDAE,CHIMARRINAE,,CHIMARRA,CF,CN,3,FALSE
4/26/2021,667,APATANIA,,ARTHROPODA,INSECTA,TRICHOPTERA,APATANIIDAE,,,APATANIA,SC,,1,FALSE
4/26/2021,668,LOPESCLADIUS,,ARTHROPODA,INSECTA,DIPTERA,CHIRONOMIDAE,ORTHOCLADIINAE,ORTHOCLADIINI/METRIOCNEMINI,LOPESCLADIUS,CG,BU,8,FALSE
4/26/2021,669,PROMORESIA,,ARTHROPODA,INSECTA,COLEOPTERA,ELMIDAE,,,PROMORESIA,SC,CN,2.4,FALSE
4/26/2021,670,SMITTIA,,ARTHROPODA,INSECTA,DIPTERA,CHIRONOMIDAE,ORTHOCLADIINAE,ORTHOCLADIINI/METRIOCNEMINI,SMITTIA,CG,BU,2,FALSE
4/26/2021,671,PILARIA,,ARTHROPODA,INSECTA,DIPTERA,TIPULIDAE,,,PILARIA,PR,,7,FALSE
4/26/2021,672,CHELIFERA/METACHELA,,ARTHROPODA,INSECTA,DIPTERA,EMPIDIDAE,,,CHELIFERA/METACHELA,,,,FALSE
4/26/2021,673,TIPULA,,ARTHROPODA,INSECTA,DIPTERA,TIPULIDAE,,,TIPULA,SH,,4,FALSE
4/26/2021,674,DICOSMOECUS,,ARTHROPODA,INSECTA,TRICHOPTERA,LIMNEPHILIDAE,,,DICOSMOECUS,SH,,1,FALSE
4/26/2021,675,POTAMOPYRGUS,,MOLLUSCA,GASTROPODA,NEOTAENIOGLOSSA,HYDROBIIDAE,,,POTAMOPYRGUS,,,,FALSE
4/26/2021,676,PIONOPSIS,,ARTHROPODA,ARACHNIDA,TROMBIDIFORMES,PIONIDAE,,,PIONOPSIS,,,,FALSE
4/26/2021,677,BRYCHIUS,,ARTHROPODA,INSECTA,COLEOPTERA,HALIPLIDAE,,,BRYCHIUS,PR,CN,7,FALSE
4/26/2021,678,PHALACROCERA,,ARTHROPODA,INSECTA,DIPTERA,TIPULIDAE,,,PHALACROCERA,,,,FALSE
4/26/2021,679,LIMNOPHILA,,ARTHROPODA,INSECTA,DIPTERA,TIPULIDAE,,,LIMNOPHILA,PR,BU,4,FALSE
4/26/2021,680,ZAPADA,,ARTHROPODA,INSECTA,PLECOPTERA,NEMOURIDAE,,,ZAPADA,,,,FALSE
4/26/2021,682,MICROCYLLOEPUS,,ARTHROPODA,INSECTA,COLEOPTERA,ELMIDAE,,,MICROCYLLOEPUS,CG,CN,3.1,FALSE
4/26/2021,683,PROGOMPHUS,,ARTHROPODA,INSECTA,ODONATA,GOMPHIDAE,,,PROGOMPHUS,PR,BU,1,FALSE
4/26/2021,684,ACELLA,,MOLLUSCA,GASTROPODA,BASOMMATOPHORA,LYMNAEIDAE,,,ACELLA,,,,FALSE
4/26/2021,685,ASELLIDAE,,ARTHROPODA,MALACOSTRACA,ISOPODA,ASELLIDAE,,,,CG,SP,8,FALSE
4/26/2021,686,SAETHERIA,,ARTHROPODA,INSECTA,DIPTERA,CHIRONOMIDAE,CHIRONOMINAE,CHIRONOMINI,SAETHERIA,CG,BU,4.9,FALSE
4/26/2021,687,NEOCHOROTERPES,,ARTHROPODA,INSECTA,EPHEMEROPTERA,LEPTOPHLEBIIDAE,,,NEOCHOROTERPES,,,,FALSE
4/26/2021,688,OPHIOGOMPHUS,,ARTHROPODA,INSECTA,ODONATA,GOMPHIDAE,,,OPHIOGOMPHUS,PR,BU,1,FALSE
4/26/2021,689,CAPNIIDAE,,ARTHROPODA,INSECTA,PLECOPTERA,CAPNIIDAE,CAPNIINAE,,,SH,SP,1.2,FALSE
4/26/2021,690,PISCICOLA,,ANNELIDA,CLITELLATA,RHYNCHOBDELLIDA,PISCICOLIDAE,,,PISCICOLA,,,,FALSE
4/26/2021,691,DIAMESA,,ARTHROPODA,INSECTA,DIPTERA,CHIRONOMIDAE,DIAMESINAE,DIAMESINI,DIAMESA,CG,SP,2,FALSE
4/26/2021,692,CORYNOCERA,,ARTHROPODA,INSECTA,DIPTERA,CHIRONOMIDAE,CHIRONOMINAE,TANYTARSINI,CORYNOCERA,,,,FALSE
4/26/2021,4877,ACENTRELLA,,ARTHROPODA,INSECTA,EPHEMEROPTERA,BAETIDAE,,,ACENTRELLA,CG,SW,4,FALSE
4/26/2021,4878,ACRONEURIA,,ARTHROPODA,INSECTA,PLECOPTERA,PERLIDAE,ACRONEURIINAE,ACRONEURIINI,ACRONEURIA,PR,CN,1.8,FALSE
4/26/2021,4879,AEDES,,ARTHROPODA,INSECTA,DIPTERA,CULICIDAE,,,AEDES,"CF,CG",SW,8,FALSE
4/26/2021,4880,AEOLOSOMA,,ANNELIDA,POLYCHAETA,AEOLOSOMATIDA,AEOLOSOMATIDAE,,,AEOLOSOMA,,,,FALSE
4/26/2021,4881,ALITTA,,ANNELIDA,POLYCHAETA,ACICULATA,NEREIDIDAE,,,ALITTA,,,,FALSE
4/26/2021,4882,ALLUAUDOMYIA,,ARTHROPODA,INSECTA,DIPTERA,CERATOPOGONIDAE,CERATOPOGONINAE,CERATOPOGONINI,ALLUAUDOMYIA,PR,,,FALSE
4/26/2021,4883,AMNICOLA,,MOLLUSCA,GASTROPODA,NEOTAENIOGLOSSA,HYDROBIIDAE,AMNICOLINAE,,AMNICOLA,,,,FALSE
4/26/2021,4884,ANOPHELES,,ARTHROPODA,INSECTA,DIPTERA,CULICIDAE,,,ANOPHELES,CF,SW,8,FALSE
4/26/2021,4885,ANTOCHA,,ARTHROPODA,INSECTA,DIPTERA,TIPULIDAE,LIMONIINAE,,ANTOCHA,CG,CN,4,FALSE
4/26/2021,4886,APHYLLA,,ARTHROPODA,INSECTA,ODONATA,GOMPHIDAE,,,APHYLLA,"CG,PR",BU,1,FALSE
4/26/2021,4887,APOBAETIS,,ARTHROPODA,INSECTA,EPHEMEROPTERA,BAETIDAE,,,APOBAETIS,SH,SW,4,FALSE
4/26/2021,4888,ATURUS,,ARTHROPODA,ARACHNIDA,TROMBIDIFORMES,ATURIDAE,,,ATURUS,PR,CB,8,FALSE
4/26/2021,4889,BAETISCA,,ARTHROPODA,INSECTA,EPHEMEROPTERA,BAETISCIDAE,,,BAETISCA,CG,SW,2.6,FALSE
4/26/2021,4890,BITHYNIA,,MOLLUSCA,GASTROPODA,NEOTAENIOGLOSSA,BITHYNIIDAE,,,BITHYNIA,,,,FALSE
4/26/2021,4891,BIVALVIA,,MOLLUSCA,BIVALVIA,,,,,,CF,BU,,FALSE
4/26/2021,4892,BOREOHEPTAGYIA,,ARTHROPODA,INSECTA,DIPTERA,CHIRONOMIDAE,DIAMESINAE,BOREOHEPTAGYIINI,BOREOHEPTAGYIA,CG,CN,,FALSE
4/26/2021,4893,BRACHYCENTRUS,,ARTHROPODA,INSECTA,TRICHOPTERA,BRACHYCENTRIDAE,,,BRACHYCENTRUS,CF,CN,1.8,FALSE
4/26/2021,4894,BUENOA,Y,ARTHROPODA,INSECTA,HEMIPTERA,NOTONECTIDAE,,,BUENOA,PR,SW,,FALSE
4/26/2021,4895,CALLICORIXA,Y,ARTHROPODA,INSECTA,HEMIPTERA,CORIXIDAE,CORIXINAE,CORIXINI,CALLICORIXA,,,,FALSE
4/26/2021,4896,CAMELOBAETIDIUS,,ARTHROPODA,INSECTA,EPHEMEROPTERA,BAETIDAE,,,CAMELOBAETIDIUS,SH,SW,4,FALSE
4/26/2021,4897,CENOCORIXA,Y,ARTHROPODA,INSECTA,HEMIPTERA,CORIXIDAE,CORIXINAE,CORIXINI,CENOCORIXA,,SW,,FALSE
4/26/2021,4898,CHOROTERPES,,ARTHROPODA,INSECTA,EPHEMEROPTERA,LEPTOPHLEBIIDAE,,,CHOROTERPES,"CG,PR",CN,2,FALSE
4/26/2021,4899,CHROMAGRION,,ARTHROPODA,INSECTA,ODONATA,COENAGRIONIDAE,,,CHROMAGRION,"CF,CG,PR",CB,2,FALSE
4/26/2021,4900,COPELATUS,,ARTHROPODA,INSECTA,COLEOPTERA,DYTISCIDAE,COPELATINAE,COPELATINI,COPELATUS,PR,SW,5,FALSE
4/26/2021,4901,CRYPTOLABIS,,ARTHROPODA,INSECTA,DIPTERA,TIPULIDAE,,,CRYPTOLABIS,SH,BU,3,FALSE
4/26/2021,4902,CULEX,,ARTHROPODA,INSECTA,DIPTERA,CULICIDAE,,,CULEX,CF,SW,6,FALSE
4/26/2021,4903,CYMATIA,Y,ARTHROPODA,INSECTA,HEMIPTERA,CORIXIDAE,,,CYMATIA,,,,FALSE
4/26/2021,4904,DASYCORIXA,Y,ARTHROPODA,INSECTA,HEMIPTERA,CORIXIDAE,,,DASYCORIXA,,,,FALSE
4/26/2021,4905,DODDSIA,,ARTHROPODA,INSECTA,PLECOPTERA,TAENIOPTERYGIDAE,,,DODDSIA,,,,FALSE
4/26/2021,4906,DONACIA,,ARTHROPODA,INSECTA,COLEOPTERA,CHRYSOMELIDAE,,,DONACIA,,CN,,FALSE
4/26/2021,4907,DRUNELLA,,ARTHROPODA,INSECTA,EPHEMEROPTERA,EPHEMERELLIDAE,,,DRUNELLA,"PR,SC",CN,1.2,FALSE
4/26/2021,4908,ELIMIA,,MOLLUSCA,GASTROPODA,NEOTAENIOGLOSSA,PLEUROCERIDAE,,,ELIMIA,SC,CB,,FALSE
4/26/2021,4909,ELMIDAE,,ARTHROPODA,INSECTA,COLEOPTERA,ELMIDAE,,,,CG,CN,4.3,FALSE
4/26/2021,4910,EPEORUS,,ARTHROPODA,INSECTA,EPHEMEROPTERA,HEPTAGENIIDAE,,,EPEORUS,"CG,PR,SC",CN,1.4,FALSE
4/26/2021,4911,ERPETOGOMPHUS,,ARTHROPODA,INSECTA,ODONATA,GOMPHIDAE,,,ERPETOGOMPHUS,PR,BU,1,FALSE
4/26/2021,4912,EUPERA,,MOLLUSCA,BIVALVIA,VENEROIDA,PISIDIIDAE,EUPERINAE,,EUPERA,CF,BU,6.9,FALSE
4/26/2021,4913,FABRIA,,ARTHROPODA,INSECTA,TRICHOPTERA,PHRYGANEIDAE,PHRYGANEINAE,,FABRIA,,,,FALSE
4/26/2021,4914,FALLCEON,,ARTHROPODA,INSECTA,EPHEMEROPTERA,BAETIDAE,,,FALLCEON,SH,SW,3.2,FALSE
4/26/2021,4915,FELTRIA,,ARTHROPODA,ARACHNIDA,TROMBIDIFORMES,FELTRIIDAE,,,FELTRIA,PR,,,FALSE
4/26/2021,4916,FLORIDOBIA,,MOLLUSCA,GASTROPODA,NEOTAENIOGLOSSA,HYDROBIIDAE,,,FLORIDOBIA,,,,FALSE
4/26/2021,4917,GERRIDAE,Y,ARTHROPODA,INSECTA,HEMIPTERA,GERRIDAE,,,,PR,SK,,FALSE
4/26/2021,4918,GRAPSIDAE,,ARTHROPODA,MALACOSTRACA,DECAPODA,GRAPSIDAE,,,,,,,FALSE
4/26/2021,4919,GRAPTOCORIXA,Y,ARTHROPODA,INSECTA,HEMIPTERA,CORIXIDAE,CORIXINAE,GRAPTOCORIXINI,GRAPTOCORIXA,PR,SW,8,FALSE
4/26/2021,4920,GYRINIDAE,,ARTHROPODA,INSECTA,COLEOPTERA,GYRINIDAE,,,,PR,SW,5.2,FALSE
4/26/2021,4921,HANSONOPERLA,,ARTHROPODA,INSECTA,PLECOPTERA,PERLIDAE,ACRONEURIINAE,ACRONEURIINI,HANSONOPERLA,PR,CN,,FALSE
4/26/2021,4922,HAPLOTAXIDA,,ANNELIDA,CLITELLATA,HAPLOTAXIDA,,,,,CG,BU,6,FALSE
4/26/2021,4923,HELOCORDULIA,,ARTHROPODA,INSECTA,ODONATA,CORDULIIDAE,,,HELOCORDULIA,"PR,SH",SP,4.8,FALSE
4/26/2021,4924,HELOPHORUS,,ARTHROPODA,INSECTA,COLEOPTERA,HELOPHORIDAE,,,HELOPHORUS,SH,SW,7,FALSE
4/26/2021,4925,HEXACYLLOEPUS,,ARTHROPODA,INSECTA,COLEOPTERA,ELMIDAE,,,HEXACYLLOEPUS,,CN,,FALSE
4/26/2021,4926,HYDRAENA,,ARTHROPODA,INSECTA,COLEOPTERA,HYDRAENIDAE,,,HYDRAENA,PR,CN,5,FALSE
4/26/2021,4927,ITHYTRICHIA,,ARTHROPODA,INSECTA,TRICHOPTERA,HYDROPTILIDAE,,,ITHYTRICHIA,PR,CN,,FALSE
4/26/2021,4928,KONGSBERGIA,,ARTHROPODA,ARACHNIDA,TROMBIDIFORMES,ATURIDAE,,,KONGSBERGIA,PR,CB,8,FALSE
4/26/2021,4929,KRENDOWSKIIDAE,,ARTHROPODA,ARACHNIDA,TROMBIDIFORMES,KRENDOWSKIIDAE,,,,PR,CN,8,FALSE
4/26/2021,4930,LEPTOHYPHIDAE,,ARTHROPODA,INSECTA,EPHEMEROPTERA,LEPTOHYPHIDAE,,,,CG,CN,,FALSE
4/26/2021,4931,LIOPLAX,,MOLLUSCA,GASTROPODA,ARCHITAENIOGLOSSA,VIVIPARIDAE,,,LIOPLAX,SC,,,FALSE
4/26/2021,4932,LITTORIDINOPS,,MOLLUSCA,GASTROPODA,NEOTAENIOGLOSSA,HYDROBIIDAE,COCHLIOPINAE,,LITTORIDINOPS,,,,FALSE
4/26/2021,4933,LYNCEUS,,ARTHROPODA,BRANCHIOPODA,DIPLOSTRACA,LYNCEIDAE,,,LYNCEUS,CF,SW,8,FALSE
4/26/2021,4934,LYPE,,ARTHROPODA,INSECTA,TRICHOPTERA,PSYCHOMYIIDAE,,,LYPE,SC,BU,2.8,FALSE
4/26/2021,4935,MARVINMEYERIA,,ANNELIDA,CLITELLATA,RHYNCHOBDELLIDA,GLOSSIPHONIIDAE,,,MARVINMEYERIA,,,,FALSE
4/26/2021,4936,MICRASEMA,,ARTHROPODA,INSECTA,TRICHOPTERA,BRACHYCENTRIDAE,,,MICRASEMA,SH,CN,0.9,FALSE
4/26/2021,4937,MICRONECTA,Y,ARTHROPODA,INSECTA,HEMIPTERA,CORIXIDAE,,,MICRONECTA,,,,FALSE
4/26/2021,4938,MOMONIA,,ARTHROPODA,ARACHNIDA,TROMBIDIFORMES,MOMONIIDAE,,,MOMONIA,PR,,,FALSE
4/26/2021,4939,MONOPELOPIA,,ARTHROPODA,INSECTA,DIPTERA,CHIRONOMIDAE,TANYPODINAE,PENTANEURINI,MONOPELOPIA,PR,SP,7,FALSE
4/26/2021,4940,MYZOBDELLA,,ANNELIDA,CLITELLATA,RHYNCHOBDELLIDA,PISCICOLIDAE,,,MYZOBDELLA,PA,,,FALSE
4/26/2021,4941,NARPUS,,ARTHROPODA,INSECTA,COLEOPTERA,ELMIDAE,,,NARPUS,,CN,3.8,FALSE
4/26/2021,4942,NAUTARACHNA,,ARTHROPODA,ARACHNIDA,TROMBIDIFORMES,PIONIDAE,,,NAUTARACHNA,PR,,8,FALSE
4/26/2021,4943,NEBRIOPORUS,,ARTHROPODA,INSECTA,COLEOPTERA,DYTISCIDAE,,,NEBRIOPORUS,,,,FALSE
4/26/2021,4944,NEMOTELUS,,ARTHROPODA,INSECTA,DIPTERA,STRATIOMYIDAE,,,NEMOTELUS,CG,SP,4,FALSE
4/26/2021,4945,NEOELMIS,,ARTHROPODA,INSECTA,COLEOPTERA,ELMIDAE,,,NEOELMIS,,CN,,FALSE
4/26/2021,4946,NEPIDAE,,ARTHROPODA,INSECTA,HEMIPTERA,NEPIDAE,,,,,,,FALSE
4/26/2021,4947,NILOTANYPUS,,ARTHROPODA,INSECTA,DIPTERA,CHIRONOMIDAE,TANYPODINAE,,NILOTANYPUS,PR,SP,4.6,FALSE
4/26/2021,4948,NOTOGILLIA,,MOLLUSCA,GASTROPODA,NEOTAENIOGLOSSA,HYDROBIIDAE,,,NOTOGILLIA,,,,FALSE
4/26/2021,4949,NOTOMICRUS,,ARTHROPODA,INSECTA,COLEOPTERA,NOTERIDAE,NOTERINAE,,NOTOMICRUS,,BU,,FALSE
4/26/2021,4950,ODONTOMYIA,,ARTHROPODA,INSECTA,DIPTERA,STRATIOMYIDAE,,,ODONTOMYIA,CG,SP,,FALSE
4/26/2021,4951,OULIMNIUS,,ARTHROPODA,INSECTA,COLEOPTERA,ELMIDAE,,,OULIMNIUS,SC,CN,3.2,FALSE
4/26/2021,4952,OXYCERA,,ARTHROPODA,INSECTA,DIPTERA,STRATIOMYIDAE,,,OXYCERA,,SP,7,FALSE
4/26/2021,4953,PALAEMONIDAE,,ARTHROPODA,MALACOSTRACA,DECAPODA,PALAEMONIDAE,,,,CG,SP,6,FALSE
4/26/2021,4954,PARACYMUS,,ARTHROPODA,INSECTA,COLEOPTERA,HYDROPHILIDAE,,,PARACYMUS,PR,CN,1.9,FALSE
4/26/2021,4955,PARORTHOCLADIUS,,ARTHROPODA,INSECTA,DIPTERA,CHIRONOMIDAE,ORTHOCLADIINAE,ORTHOCLADIINI/METRIOCNEMINI,PARORTHOCLADIUS,CG,SP,2,FALSE
4/26/2021,4956,PENAEIDAE,,ARTHROPODA,MALACOSTRACA,DECAPODA,PENAEIDAE,,,,,,,FALSE
4/26/2021,4957,PERIOCULODES,,ARTHROPODA,MALACOSTRACA,AMPHIPODA,OEDICEROTIDAE,,,PERIOCULODES,,,,FALSE
4/26/2021,4958,PHILOPOTAMIDAE,,ARTHROPODA,INSECTA,TRICHOPTERA,PHILOPOTAMIDAE,,,,CF,CN,3.2,FALSE
4/26/2021,4959,PISCICOLIDAE,,ANNELIDA,CLITELLATA,RHYNCHOBDELLIDA,PISCICOLIDAE,,,,,,,FALSE
4/26/2021,4960,PISIDIIDAE,,MOLLUSCA,BIVALVIA,VENEROIDA,PISIDIIDAE,,,,CF,BU,8,FALSE
4/26/2021,4961,POLYCELIS,,PLATYHELMINTHES,TURBELLARIA,TRICLADIDA,PLANARIIDAE,,,POLYCELIS,,SP,6.8,FALSE
4/26/2021,4962,POLYMITARCYIDAE,,ARTHROPODA,INSECTA,EPHEMEROPTERA,POLYMITARCYIDAE,,,,CG,BU,2,FALSE
4/26/2021,4963,PRODIAMESA,,ARTHROPODA,INSECTA,DIPTERA,CHIRONOMIDAE,PRODIAMESINAE,,PRODIAMESA,CG,SP,4.7,FALSE
4/26/2021,4964,PSEUDOCENTROPTILOIDES,,ARTHROPODA,INSECTA,EPHEMEROPTERA,BAETIDAE,,,PSEUDOCENTROPTILOIDES,CG,CN,2.8,FALSE
4/26/2021,4965,TORRENTICOLIDAE,,ARTHROPODA,ARACHNIDA,TROMBIDIFORMES,TORRENTICOLIDAE,,,,PR,CB,8,FALSE
4/26/2021,4966,PSEUDOCLOEON,,ARTHROPODA,INSECTA,EPHEMEROPTERA,BAETIDAE,,,PSEUDOCLOEON,"SC,SH,CG",SW,4,FALSE
4/26/2021,4967,TOXOLASMA,,MOLLUSCA,BIVALVIA,UNIONOIDA,UNIONIDAE,,,TOXOLASMA,CF,BU,,FALSE
4/26/2021,4968,PSEUDOLIMNOPHILA,,ARTHROPODA,INSECTA,DIPTERA,TIPULIDAE,,,PSEUDOLIMNOPHILA,PR,BU,7,FALSE
4/26/2021,4969,TRASSERKIDRILUS,,ANNELIDA,CLITELLATA,HAPLOTAXIDA,TUBIFICIDAE,,,TRASSERKIDRILUS,CG,,,FALSE
4/26/2021,4970,PSEUDOSUCCINEA,,MOLLUSCA,GASTROPODA,BASOMMATOPHORA,LYMNAEIDAE,LYMNAEINAE,,PSEUDOSUCCINEA,"CG,SC",CB,7.2,FALSE
4/26/2021,4971,TVETENIA,,ARTHROPODA,INSECTA,DIPTERA,CHIRONOMIDAE,ORTHOCLADIINAE,ORTHOCLADIINI/METRIOCNEMINI,TVETENIA,CG,SP,5,FALSE
4/26/2021,4972,PYRALIDAE,,ARTHROPODA,INSECTA,LEPIDOPTERA,PYRALIDAE,,,,SH,SP,4.5,FALSE
4/26/2021,4973,UVARUS,,ARTHROPODA,INSECTA,COLEOPTERA,DYTISCIDAE,,,UVARUS,"PR,SH",SW,5,FALSE
4/26/2021,4974,PYRGOPHORUS,,MOLLUSCA,GASTROPODA,NEOTAENIOGLOSSA,HYDROBIIDAE,COCHLIOPINAE,,PYRGOPHORUS,,,,FALSE
4/26/2021,4975,YLODES,,ARTHROPODA,INSECTA,TRICHOPTERA,LEPTOCERIDAE,LEPTOCERINAE,TRIAENODINI,YLODES,SH,SW,,FALSE
4/26/2021,4977,RHITHROGENA,,ARTHROPODA,INSECTA,EPHEMEROPTERA,HEPTAGENIIDAE,,,RHITHROGENA,"PR,SC",CN,5.1,FALSE
4/26/2021,4978,RHYACOPHILA,,ARTHROPODA,INSECTA,TRICHOPTERA,RHYACOPHILIDAE,,,RHYACOPHILA,PR,CN,1.5,FALSE
4/26/2021,4979,SCIRTES,,ARTHROPODA,INSECTA,COLEOPTERA,SCIRTIDAE,,,SCIRTES,SH,CB,6,FALSE
4/26/2021,4980,SIMULIIDAE,,ARTHROPODA,INSECTA,DIPTERA,SIMULIIDAE,,,,CF,CN,5.9,FALSE
4/26/2021,4981,SIPHLOPLECTON,,ARTHROPODA,INSECTA,EPHEMEROPTERA,METRETOPODIDAE,,,SIPHLOPLECTON,PR,"CN,SW",2,FALSE
4/26/2021,4982,SOMATOGYRUS,,MOLLUSCA,GASTROPODA,NEOTAENIOGLOSSA,HYDROBIIDAE,,,SOMATOGYRUS,,,,FALSE
4/26/2021,4983,SPERCHONOPSIS,,ARTHROPODA,ARACHNIDA,TROMBIDIFORMES,SPERCHONIDAE,,,SPERCHONOPSIS,PR,CB,8,FALSE
4/26/2021,4984,SUWALLIA,,ARTHROPODA,INSECTA,PLECOPTERA,CHLOROPERLIDAE,CHLOROPERLINAE,,SUWALLIA,PR,CN,,FALSE
4/26/2021,4985,SYNURELLA,,ARTHROPODA,MALACOSTRACA,AMPHIPODA,CRANGONYCTIDAE,,,SYNURELLA,CG,SP,4,FALSE
4/26/2021,4986,TELEBASIS,,ARTHROPODA,INSECTA,ODONATA,COENAGRIONIDAE,,,TELEBASIS,PR,CB,,FALSE
4/26/2021,4987,THRAULODES,,ARTHROPODA,INSECTA,EPHEMEROPTERA,LEPTOPHLEBIIDAE,,,THRAULODES,PR,CN,,FALSE
4/26/2021,4988,THYOPSIS,,ARTHROPODA,ARACHNIDA,TROMBIDIFORMES,THYASIDAE,,,THYOPSIS,PR,,,FALSE
4/26/2021,4989,THYOPSOIDES,,ARTHROPODA,ARACHNIDA,TROMBIDIFORMES,HYDRYPHANTIDAE,,,THYOPSOIDES,,,,FALSE
4/26/2021,4990,AMPHINEMURA,,ARTHROPODA,INSECTA,PLECOPTERA,NEMOURIDAE,AMPHINEMURINAE,,AMPHINEMURA,SH,"CN,SP",3.6,FALSE
4/26/2021,4991,COLEOPTERA,,ARTHROPODA,INSECTA,COLEOPTERA,,,,,,,,FALSE
4/26/2021,4992,STYLOGOMPHUS,,ARTHROPODA,INSECTA,ODONATA,GOMPHIDAE,,,STYLOGOMPHUS,,,,FALSE
4/26/2021,4993,HETAERINA,,ARTHROPODA,INSECTA,ODONATA,CALOPTERYGIDAE,,,HETAERINA,,,,FALSE
4/26/2021,4994,EPHORON,,ARTHROPODA,INSECTA,EPHEMEROPTERA,POLYMITARCYIDAE,,,EPHORON,,,,FALSE
4/26/2021,4995,TELMATODRILUS,,ANNELIDA,CLITELLATA,HAPLOTAXIDA,NAIDIDAE,,,TELMATODRILUS,,,,FALSE
4/26/2021,4996,PLATYSMITTIA,,ARTHROPODA,INSECTA,DIPTERA,CHIRONOMIDAE,ORTHOCLADIINAE,,PLATYSMITTIA,,,,FALSE
4/26/2021,4997,HELICHUS,,ARTHROPODA,INSECTA,COLEOPTERA,DRYOPIDAE,,,HELICHUS,,,,FALSE
4/26/2021,4998,NEURECLIPSIS,,ARTHROPODA,INSECTA,TRICHOPTERA,POLYCENTROPODIDAE,,,NEURECLIPSIS,,,,FALSE
4/26/2021,4999,PIGUETIELLA,,ANNELIDA,CLITELLATA,HAPLOTAXIDA,NAIDIDAE,,,PIGUETIELLA,,,,FALSE
4/26/2021,5000,ANNELIDA,,ANNELIDA,,,,,,,,,,FALSE
4/26/2021,5001,STRATIOMYIDAE,,ARTHROPODA,INSECTA,DIPTERA,STRATIOMYIDAE,,,,CG,SP,7.3,FALSE
4/26/2021,5052,AGABINAE,,,,COLEOPTERA,DYTISCIDAE,AGABINAE,,,,,,FALSE
4/26/2021,5053,AMPITHOE,Y,,MALACOSTRACA,AMPHIPODA,AMPITHOIDAE,,,,,,,FALSE
4/26/2021,5054,ANAFROPTILUM,,,,EPHEMEROPTERA,BAETIDAE,,,,,,,FALSE
4/26/2021,5055,AORIDAE,Y,,MALACOSTRACA,AMPHIPODA,AORIDAE,,,,,,,FALSE
4/26/2021,5056,ATYLOTUS/TABANUS,,,,DIPTERA,TABANIDAE,,,,,,,FALSE
4/26/2021,5057,BEOTHUKUS,,,,TRICHOPTERA,PHRYGANEIDAE,,,,,,,FALSE
4/26/2021,5058,BOREOCHLUS,,,,DIPTERA,CHIRONOMIDAE,PODONOMINAE,BOREOCHLINI,,,,,FALSE
4/26/2021,5059,BRACHYCERCINAE,,,,EPHEMEROPTERA,CAENIDAE,BRACHYERCINAE,,,,,,FALSE
4/26/2021,5060,CALOPTERYGIDAE,,,,ODONATA,CALOPTERYGIDAE,,,,,,,FALSE
4/26/2021,5061,CAMBARUS,,,MALACOSTRACA,DECOPODA,CAMBARIDAE,,,,,,,FALSE
4/26/2021,5062,CHAETOZONE,Y,,POLYCHAETA,CANALIPALPATA,CIRRATULIDAE,,,,,,,FALSE
4/26/2021,5063,CHAULIODINAE,,,,MEGALOPTERA,CORYDALIDAE,CHAULIODINAE,,,,,,FALSE
4/26/2021,5064,CINCINNATIA,,,GASTROPODA,LITTORIDINOMORPHA,HYDROBIIDAE,,,,,,,FALSE
4/26/2021,5065,CIRRATULIDAE,Y,,POLYCHAETA,CANALIPALPATA,CIRRATULIDAE,,,,,,,FALSE
4/26/2021,5066,CLEPTELMIS,,,,COLEOPTERA,ELMIDAE,,,,,,,FALSE
4/26/2021,5067,CLINOCERA,,,,DIPTERA,EMPIDIDAE,,,,,,,FALSE
4/26/2021,5068,CORYPHAESCHNA,,,,ODONATA,AESHNIDAE,,,,,,,FALSE
4/26/2021,5069,CRICOTOPUS/ORTHOCLADIUS,,,,DIPTERA,,,,,,,,FALSE
4/26/2021,5070,CUMACEA,Y,,MALACOSTRACA,CUMACEA,,,,,,,,FALSE
4/26/2021,5071,CYATHURA,Y,,MALACOSTRACA,ISOPODA,,,,,,,,FALSE
4/26/2021,5072,CYZICUS,,,BRANCHIOPODA,DIPLOSTRACA,CYZICIDAE,,,,,,,FALSE
4/26/2021,5073,DEMEIJEREA,,,,DIPTERA,CHIRONOMIDAE,CHIRONOMINAE,CHIRONOMINI,,,,,FALSE
4/26/2021,5074,DERALLUS,,,,COLEOPTERA,HYDROPHILIDAE,,,,,,,FALSE
4/26/2021,5075,DESDIMELITA,Y,,MALACOSTRACA,AMPHIPODA,MELITIDAE,,,,,,,FALSE
4/26/2021,5076,DIACHLORUS,,,,DIPTERA,TABANIDAE,,,,,,,FALSE
4/26/2021,5077,DICRANOTA,,,,DIPTERA,TIPULIDAE,PEDICIINAE,,,,,,FALSE
4/26/2021,5078,DOROCORDULIA,,,,ODONATA,CORDULIIDAE,,,,,,,FALSE
4/26/2021,5079,GALBA,,,GASTROPODA,HYGROPHILA,LYMNAEIDAE,,,,,,,FALSE
4/26/2021,5080,GNORIMOSPHAEROMA,Y,,MALACOSTRACA,ISOPODA,SPHAEROMATIDAE,,,,,,,FALSE
4/26/2021,5081,GRANDIDIERELLA,Y,,MALACOSTRACA,AMPHIPODA,AORIDAE,,,,,,,FALSE
4/26/2021,5082,HALACARIDAE,Y,,ARACHNIDA,TROMBIDIFORMES,,,,,,,,FALSE
4/26/2021,5083,HYDATICUS,,,,COLEOPTERA,DYTISCIDAE,DYTISCINAE,HYDATICINI,,,,,FALSE
4/26/2021,5084,HYDROCOLUS,,,,COLEOPTERA,DYTISCIDAE,HYDROPORINAE,HYGROTINI,,,,,FALSE
4/26/2021,5085,HYDROSMITTIA,,,,DIPTERA,CHIRONOMIDAE,ORTHOCLADIINAE,,,,,,FALSE
4/26/2021,5086,HYGROTINI,,,,COLEOPTERA,DYTISCIDAE,HYDROPORINAE,HYGROTINI,,,,,FALSE
4/26/2021,5087,ISOCHAETIDES,,,CLITELLATA,TUBIFICIDA,NAIDIDAE,,,,,,,FALSE
4/26/2021,5088,KRIBIODORUM,,,,DIPTERA,CHIRONOMIDAE,CHIRONOMINAE,CHIRONOMINI,,,,,FALSE
4/26/2021,5089,LABIOBAETIS,,,,EPHEMEROPTERA,BAETIDAE,,,,,,,FALSE
4/26/2021,5090,LETHOCERUS,,,,HEMIPTERA,BELOSTOMATIDAE,,,,,,,FALSE
4/26/2021,5091,LIPINIELLA,,,,DIPTERA,CHIRONOMIDAE,CHIRONOMINAE,CHIRONOMINI,,,,,FALSE
4/26/2021,5092,LUMBRICINA,Y,ANNELIDA,CLITELLATA,OPISTHOPORA,,,,,,,,FALSE
4/26/2021,5093,LYOGYRUS,,,GASTROPODA,LITTORIDINOMORPHA,AMNICOLIDAE,,,,,,,FALSE
4/26/2021,5094,MACROPELOPIA,,,,DIPTERA,CHIRONOMIDAE,TANYPODINAE,MACROPELOPIINI,,,,,FALSE
4/26/2021,5095,MARGARITIFERA,,,BIVALVIA,UNIONOIDA,MARGARITIFERIDAE,,,,,,,FALSE
4/26/2021,5096,MARILIA,,,,TRICHOPTERA,ODONTOCERIDAE,,,,,,,FALSE
4/26/2021,5097,MARSTONIA,,,GASTROPODA,LITTORIDINOMORPHA,HYDROBIIDAE,,,,,,,FALSE
4/26/2021,5098,MOLANNIDAE,,,,TRICHOPTERA,MOLANNIDAE,,,,,,,FALSE
4/26/2021,5099,MONATRACTIDES,,,ARACHNIDA,TROMBIDIFORMES,TORRENTICOLIDAE,,,,,,,FALSE
4/26/2021,5100,MUSCULISTA,,,BIVALVIA,MYTILOIDA,MYTILIDAE,,,,,,,FALSE
4/26/2021,5101,MYTILIDAE,,,,BIVALVIA,MYTILIDAE,,,,,,,FALSE
4/26/2021,5102,MYXOSARGUS,,,,DIPTERA,STRATIOMYIDAE,,,,,,,FALSE
4/26/2021,5103,NEMERTEA,Y,NEMERTEA,,,,,,,,,,FALSE
4/26/2021,5104,NEOCLOEON,,,,EPHEMEROPTERA,BAETIDAE,,,,,,,FALSE
4/26/2021,5105,NEOZAVRELIA,,,,DIPTERA,CHIRONOMIDAE,CHIRONOMINAE,TANYTARSINI,,,,,FALSE
4/26/2021,5106,NEREIDIDAE,Y,,POLYCHAETA,ACICULATA,NEREIDIDAE,,,,,,,FALSE
4/26/2021,5107,NIPPOLEUCON,Y,,MALACOSTRACA,CUMACEA,LEUCONIDAE,,,,,,,FALSE
4/26/2021,5108,ORTHEMIS,,,,ODONATA,LIBELLULIDAE,,,,,,,FALSE
4/26/2021,5109,PALAEMON,Y,,MALACOSTRACA,DECAPODA,PALAMONIDAE,,,,,,,FALSE
4/26/2021,5110,PARACHAETOCLADIUS,,,,DIPTERA,CHIRONOMIDAE,ORTHOCLADIINAE,,,,,,FALSE
4/26/2021,5111,PAROCHLUS,,,,DIPTERA,CHIRONOMIDAE,PODONOMINAE,PODONOMIMI,,,,,FALSE
4/26/2021,5112,PHYSIDAE,,,GASTROPODA,HYGROPHILA,PHYSIDAE,,,,,,,FALSE
4/26/2021,5113,PIONACERCUS,,,ARACHNIDA,TROMBIDIFORMES,PIONIDAE,,,,,,,FALSE
4/26/2021,5114,PLATYISCHNOPIDAE,Y,,MALACOSTRACA,AMPHIPODA,PLATYISCHNOPIDAE,,,,,,,FALSE
4/26/2021,5115,POTAMILUS,,,BIVALVIA,UNIONOIDA,UNIONIDAE,,,,,,,FALSE
4/26/2021,5116,PROBYTHINELLA,,,GASTROPODA,LITTORIDINOMORPHA,HYDROBIIDAE,,,,,,,FALSE
4/26/2021,5117,PSAMMORYCTIDES,,,CLITELLATA,TUBIFICIDA,NAIDIDAE,,,,,,,FALSE
4/26/2021,5118,PSEUDOTRYONIA,,,GASTROPODA,LITTORIDINOMORPHA,COCHLIOPIDAE,,,,,,,FALSE
4/26/2021,5119,PSYCHODA,,,,DIPTERA,PSYCHODIDAE,,,,,,,FALSE
4/26/2021,5120,PSYCHOMYIIDAE,,,,TRICHOPTERA,PSYCHOMYIIDAE,,,,,,,FALSE
4/26/2021,5121,QUISTADRILUS,,,,TUBIDICIDA,NAIDIDAE,,,,,,,FALSE
4/26/2021,5122,SERICOSTOMATIDAE,,,,TRICHOPTERA,SERICOSTOMATIADE,,,,,,,FALSE
4/26/2021,5123,SINELOBUS,Y,,MALACOSTRACA,TANAIDACEA,TANAIDAE,,,,,,,FALSE
4/26/2021,5124,SPARBARUS,,,,EPHEMEROPTERA,CAENIDAE,,,,,,,FALSE
4/26/2021,5125,SPHAEROMATIDAE,Y,,MALACOSTRACA,ISOPODA,SPHAEROMATIDAE,,,,,,,FALSE
4/26/2021,5126,SPHAEROSYLLIS,Y,,MALACOSTRACA,ACICULATA,SYLLIDAE,,,,,,,FALSE
4/26/2021,5127,SPIOPHANES,Y,,POLYCHAETA,CANALIPALPATA,SPIONIDAE,,,,,,,FALSE
4/26/2021,5128,SYLLIS,Y,,MALACOSTRACA,ACICULATA,SYLLIDAE,,,,,,,FALSE
4/26/2021,5129,TELOGANOPSIS,,,,EPHEMEROPTERA,EPHEMERELLIDAE,,,,,,,FALSE
4/26/2021,5130,TESTUDACARUS,,,ARACHNIDA,TROMBIDIFORMES,TORRENTICOLIDAE,,,,,,,FALSE
4/26/2021,5131,TRYONIA,,,GASTROPODA,LITTORIDINOMORPHA,COCHLIOPIDAE,,,,,,,FALSE
4/26/2021,5132,UROMUNNA,Y,,MALACOSTRACA,ISOPODA,MUNNIDAE,,,,,,,FALSE
4/26/2021,5133,UTTERBACKIA,,,BIVALVIA,UNIONOIDA,UNIONIDAE,,,,,,,FALSE
4/26/2021,5134,VORTICIFEX,,,GASTROPODA,HYGROPHILA,PLANORBIDAE,,,,,,,FALSE
4/26/2021,5135,YORAPERLA,,,,PLECOPTERA,PELTAPERLIDAE,,,,,,,FALSE
4/26/2021,5168,ABEDUS,,ARTHROPODA,INSECTA,HEMIPTERA,BELOSTOMATIDAE,,,ABEDUS,"CF,CG,PR",CB,,FALSE
4/26/2021,5169,DIXA,,ARTHROPODA,INSECTA,DIPTERA,DIXIDAE,,,DIXA,"CG,PR",CB,1,FALSE
4/26/2021,5170,HYDRODROMIDAE,,ARTHROPODA,ARACHNIDA,TROMBIDIFORMES,HYDRODROMIDAE,,,,PR,SW,8,FALSE
4/26/2021,5171,TROMBIDIFORMES,,ARTHROPODA,ARACHNIDA,TROMBIDIFORMES,,,,,PR,,8,FALSE
4/26/2021,5172,COLYMBETES,,ARTHROPODA,INSECTA,COLEOPTERA,DYTISCIDAE,,,COLYMBETES,PR,SW,5,FALSE
